date,ticker,price
2013-01-01,BP.L,463.3311462402344
2013-02-01,BP.L,442.4353637695313
2013-03-01,BP.L,456.5909118652344
2013-04-01,BP.L,463.0441589355469
2013-05-01,BP.L,470.0433044433594
2013-06-01,BP.L,452.0299987792969
2013-07-01,BP.L,451.3350524902344
2013-08-01,BP.L,443.0441284179688
2013-09-01,BP.L,430.0912780761719
2013-10-01,BP.L,479.34674072265625
2013-11-01,BP.L,478.6514892578125
2013-12-01,BP.L,484.7170715332031
2014-01-01,BP.L,474.73577880859375
2014-02-01,BP.L,500.9554748535156
2014-03-01,BP.L,476.7773742675781
2014-04-01,BP.L,495.84857177734375
2014-05-01,BP.L,499.62310791015625
2014-06-01,BP.L,511.5024108886719
2014-07-01,BP.L,480.8063659667969
2014-08-01,BP.L,478.4718933105469
2014-09-01,BP.L,450.5134582519531
2014-10-01,BP.L,446.0923767089844
2014-11-01,BP.L,417.4789123535156
2014-12-01,BP.L,408.3976135253906
2015-01-01,BP.L,421.762451171875
2015-02-01,BP.L,445.2130126953125
2015-03-01,BP.L,433.9998168945313
2015-04-01,BP.L,467.1933898925781
2015-05-01,BP.L,447.9630126953125
2015-06-01,BP.L,417.60980224609375
2015-07-01,BP.L,393.0591125488281
2015-08-01,BP.L,358.3204650878906
2015-09-01,BP.L,332.03582763671875
2015-10-01,BP.L,384.12744140625
2015-11-01,BP.L,382.98431396484375
2015-12-01,BP.L,351.9761962890625
2016-01-01,BP.L,373.9497985839844
2016-02-01,BP.L,349.440673828125
2016-03-01,BP.L,348.2221374511719
2016-04-01,BP.L,371.6920776367188
2016-05-01,BP.L,355.2830810546875
2016-06-01,BP.L,435.8207702636719
2016-07-01,BP.L,424.580810546875
2016-08-01,BP.L,425.6252136230469
2016-09-01,BP.L,447.6893310546875
2016-10-01,BP.L,481.21624755859375
2016-11-01,BP.L,457.0907287597656
2016-12-01,BP.L,507.0710144042969
2017-01-01,BP.L,470.5035400390625
2017-02-01,BP.L,451.2991943359375
2017-03-01,BP.L,455.3605346679688
2017-04-01,BP.L,440.3825988769531
2017-05-01,BP.L,464.4667663574219
2017-06-01,BP.L,440.75537109375
2017-07-01,BP.L,443.7415466308594
2017-08-01,BP.L,443.0945434570313
2017-09-01,BP.L,475.17333984375
2017-10-01,BP.L,507.92669677734375
2017-11-01,BP.L,486.9207458496094
2017-12-01,BP.L,520.4450073242188
2018-01-01,BP.L,498.9381713867188
2018-02-01,BP.L,473.10003662109375
2018-03-01,BP.L,477.2545776367188
2018-04-01,BP.L,535.7598876953125
2018-05-01,BP.L,573.9002075195312
2018-06-01,BP.L,575.9669799804688
2018-07-01,BP.L,570.9871826171875
2018-08-01,BP.L,545.0919799804688
2018-09-01,BP.L,587.0033569335938
2018-10-01,BP.L,565.0889892578125
2018-11-01,BP.L,517.9733276367188
2018-12-01,BP.L,494.0900573730469
2019-01-01,BP.L,518.1493530273438
2019-02-01,BP.L,532.3959350585938
2019-03-01,BP.L,556.4835815429688
2019-04-01,BP.L,556.981689453125
2019-05-01,BP.L,538.1499633789062
2019-06-01,BP.L,546.7012329101562
2019-07-01,BP.L,543.8110961914062
2019-08-01,BP.L,498.4686584472656
2019-09-01,BP.L,514.0996704101562
2019-10-01,BP.L,487.6869812011719
2019-11-01,BP.L,478.616943359375
2019-12-01,BP.L,470.1169128417969
2020-01-01,BP.L,455.26373291015625
2020-02-01,BP.L,394.9041442871094
2020-03-01,BP.L,343.176513671875
2020-04-01,BP.L,312.1690368652344
2020-05-01,BP.L,304.8408203125
2020-06-01,BP.L,306.3680419921875
2020-07-01,BP.L,274.4046936035156
2020-08-01,BP.L,263.4844665527344
2020-09-01,BP.L,224.61924743652344
2020-10-01,BP.L,196.09300231933597
2020-11-01,BP.L,247.01133728027344
2020-12-01,BP.L,254.19058227539065
2021-01-01,BP.L,270.8506774902344
2021-02-01,BP.L,291.05224609375
2021-03-01,BP.L,293.9848022460937
2021-04-01,BP.L,302.3158569335937
2021-05-01,BP.L,305.45880126953125
2021-06-01,BP.L,314.3254699707031
2021-07-01,BP.L,288.5807189941406
2021-08-01,BP.L,296.3141174316406
2021-09-01,BP.L,339.6143493652344
2021-10-01,BP.L,349.4944152832031
2021-11-01,BP.L,324.7943115234375
2021-12-01,BP.L,329.8730163574219
2022-01-01,BP.L,382.0737609863281
2022-02-01,BP.L,362.8603210449219
2022-03-01,BP.L,374.6764831542969
2022-04-01,BP.L,390.8474426269531
2022-05-01,BP.L,433.4708557128906
2022-06-01,BP.L,387.6434326171875
2022-07-01,BP.L,399.32373046875
2022-08-01,BP.L,440.7535705566406
2022-09-01,BP.L,432.4208068847656
2022-10-01,BP.L,479.0475463867188
2022-11-01,BP.L,496.7198181152344
2022-12-01,BP.L,474.203857421875
2023-01-01,BP.L,488.1333923339844
2023-02-01,BP.L,549.6930541992188
2023-03-01,BP.L,510.101806640625
2023-04-01,BP.L,533.6695556640625
2023-05-01,BP.L,452.6803588867188
2023-06-01,BP.L,457.7734069824219
2023-07-01,BP.L,482.3923950195313
2023-08-01,BP.L,486.88677978515625
2023-09-01,BP.L,530.7932739257812
2023-10-01,BP.L,502.0261840820313
2023-11-01,BP.L,478.5530090332031
2023-12-01,BP.L,465.67376708984375
2024-01-01,BP.L,461.9775390625
2024-02-01,BP.L,460.2293395996094
2024-03-01,BP.L,495.2527465820313
2024-04-01,BP.L,519.930419921875
2024-05-01,BP.L,487.7095642089844
2024-06-01,BP.L,474.8254699707031
2024-07-01,BP.L,458.4884033203125
2024-08-01,BP.L,429.0616149902344
2024-09-01,BP.L,391.4454650878906
2024-10-01,BP.L,376.40521240234375
2024-11-01,BP.L,384.4000549316406
2024-12-01,BP.L,392.80859375
2013-01-01,COP,37.86549758911133
2013-02-01,COP,37.83288192749024
2013-03-01,COP,39.68336868286133
2013-04-01,COP,39.91446685791016
2013-05-01,COP,40.50212478637695
2013-06-01,COP,40.36168670654297
2013-07-01,COP,43.270416259765625
2013-08-01,COP,44.70157623291016
2013-09-01,COP,46.8658561706543
2013-10-01,COP,49.44139862060547
2013-11-01,COP,49.574344635009766
2013-12-01,COP,48.11027526855469
2014-01-01,COP,44.22875213623047
2014-02-01,COP,45.28424835205078
2014-03-01,COP,48.418216705322266
2014-04-01,COP,51.1436882019043
2014-05-01,COP,55.01850891113281
2014-06-01,COP,59.52644348144531
2014-07-01,COP,57.28368377685547
2014-08-01,COP,56.87384414672852
2014-09-01,COP,53.58269882202149
2014-10-01,COP,50.52262878417969
2014-11-01,COP,46.7227783203125
2014-12-01,COP,48.83723068237305
2015-01-01,COP,44.53761672973633
2015-02-01,COP,46.107547760009766
2015-03-01,COP,44.50709915161133
2015-04-01,COP,48.553199768066406
2015-05-01,COP,45.522193908691406
2015-06-01,COP,44.39716720581055
2015-07-01,COP,36.39396667480469
2015-08-01,COP,36.01094436645508
2015-09-01,COP,35.13906478881836
2015-10-01,COP,39.08817672729492
2015-11-01,COP,40.136600494384766
2015-12-01,COP,34.67118835449219
2016-01-01,COP,29.02013397216797
2016-02-01,COP,25.1215763092041
2016-03-01,COP,30.13677024841309
2016-04-01,COP,35.76449966430664
2016-05-01,COP,32.771018981933594
2016-06-01,COP,32.81621551513672
2016-07-01,COP,30.723819732666016
2016-08-01,COP,31.0817985534668
2016-09-01,COP,32.914161682128906
2016-10-01,COP,32.899017333984375
2016-11-01,COP,36.95036697387695
2016-12-01,COP,38.18407440185547
2017-01-01,COP,37.13313293457031
2017-02-01,COP,36.22690200805664
2017-03-01,COP,38.18158721923828
2017-04-01,COP,36.68096923828125
2017-05-01,COP,34.215660095214844
2017-06-01,COP,33.84514236450195
2017-07-01,COP,34.93070983886719
2017-08-01,COP,33.819454193115234
2017-09-01,COP,38.76919937133789
2017-10-01,COP,39.62126159667969
2017-11-01,COP,39.6229248046875
2017-12-01,COP,42.7457160949707
2018-01-01,COP,45.798439025878906
2018-02-01,COP,42.294063568115234
2018-03-01,COP,46.42073822021485
2018-04-01,COP,51.28281021118164
2018-05-01,COP,52.76256942749024
2018-06-01,COP,54.733497619628906
2018-07-01,COP,56.73825454711914
2018-08-01,COP,57.96589660644531
2018-09-01,COP,61.09981536865234
2018-10-01,COP,55.179290771484375
2018-11-01,COP,52.4625358581543
2018-12-01,COP,49.42639923095703
2019-01-01,COP,53.6595573425293
2019-02-01,COP,53.78638458251953
2019-03-01,COP,53.146671295166016
2019-04-01,COP,50.26398849487305
2019-05-01,COP,46.95126724243164
2019-06-01,COP,48.81772613525391
2019-07-01,COP,47.28116226196289
2019-08-01,COP,41.97137069702149
2019-09-01,COP,45.83230209350586
2019-10-01,COP,44.40055084228516
2019-11-01,COP,48.57785415649414
2019-12-01,COP,52.703006744384766
2020-01-01,COP,48.16452407836914
2020-02-01,COP,39.24157333374024
2020-03-01,COP,25.13826942443848
2020-04-01,COP,34.36107635498047
2020-05-01,COP,34.42637252807617
2020-06-01,COP,34.63874053955078
2020-07-01,COP,30.82204818725586
2020-08-01,COP,31.5528564453125
2020-09-01,COP,27.34747314453125
2020-10-01,COP,23.833282470703125
2020-11-01,COP,33.348636627197266
2020-12-01,COP,33.711124420166016
2021-01-01,COP,33.744842529296875
2021-02-01,COP,43.84384536743164
2021-03-01,COP,45.06322860717773
2021-04-01,COP,43.5063705444336
2021-05-01,COP,47.41973114013672
2021-06-01,COP,52.21265411376953
2021-07-01,COP,48.06307601928711
2021-08-01,COP,47.97268295288086
2021-09-01,COP,58.5468864440918
2021-10-01,COP,64.35235595703125
2021-11-01,COP,60.94967651367188
2021-12-01,COP,62.7313346862793
2022-01-01,COP,77.23298645019531
2022-02-01,COP,82.67118072509766
2022-03-01,COP,87.58910369873047
2022-04-01,COP,83.91512298583984
2022-05-01,COP,98.7092056274414
2022-06-01,COP,79.25309753417969
2022-07-01,COP,86.64453887939453
2022-08-01,COP,97.3339385986328
2022-09-01,COP,91.42030334472656
2022-10-01,COP,114.2558135986328
2022-11-01,COP,111.91798400878906
2022-12-01,COP,107.33375549316406
2023-01-01,COP,111.54553985595705
2023-02-01,COP,94.59449768066406
2023-03-01,COP,91.20948028564452
2023-04-01,COP,95.17857360839844
2023-05-01,COP,91.85765838623048
2023-06-01,COP,96.33877563476562
2023-07-01,COP,110.11620330810548
2023-08-01,COP,111.3415985107422
2023-09-01,COP,112.54957580566406
2023-10-01,COP,112.17030334472656
2023-11-01,COP,109.1205596923828
2023-12-01,COP,110.14523315429688
2024-01-01,COP,106.15962982177734
2024-02-01,COP,106.79541015625
2024-03-01,COP,121.6446533203125
2024-04-01,COP,120.05814361572266
2024-05-01,COP,111.32282257080078
2024-06-01,COP,110.01122283935548
2024-07-01,COP,106.9526824951172
2024-08-01,COP,109.44377136230467
2024-09-01,COP,101.99126434326172
2024-10-01,COP,106.11820220947266
2024-11-01,COP,104.95568084716795
2024-12-01,COP,96.74349212646484
2013-01-01,CVX,67.88044738769531
2013-02-01,CVX,69.05943298339844
2013-03-01,CVX,70.5892333984375
2013-04-01,CVX,72.48436737060547
2013-05-01,CVX,72.9239730834961
2013-06-01,CVX,70.87103271484375
2013-07-01,CVX,75.3925552368164
2013-08-01,CVX,72.12268829345703
2013-09-01,CVX,73.3646011352539
2013-10-01,CVX,72.43470001220703
2013-11-01,CVX,73.93218231201172
2013-12-01,CVX,76.05695343017578
2014-01-01,CVX,67.97084045410156
2014-02-01,CVX,70.22376251220703
2014-03-01,CVX,73.04672241210938
2014-04-01,CVX,77.10725402832031
2014-05-01,CVX,75.43021392822266
2014-06-01,CVX,80.88176727294922
2014-07-01,CVX,80.07018280029297
2014-08-01,CVX,80.20028686523438
2014-09-01,CVX,74.55259704589844
2014-10-01,CVX,74.94619750976562
2014-11-01,CVX,68.02330780029297
2014-12-01,CVX,70.74144744873047
2015-01-01,CVX,64.65608215332031
2015-02-01,CVX,67.27310180664062
2015-03-01,CVX,66.85147094726562
2015-04-01,CVX,70.7232437133789
2015-05-01,CVX,65.59061431884766
2015-06-01,CVX,62.044429779052734
2015-07-01,CVX,56.90568542480469
2015-08-01,CVX,52.088523864746094
2015-09-01,CVX,51.37069320678711
2015-10-01,CVX,59.18572998046875
2015-11-01,CVX,59.472259521484375
2015-12-01,CVX,59.30209732055664
2016-01-01,CVX,57.00146484375
2016-02-01,CVX,55.00407028198242
2016-03-01,CVX,63.68581771850586
2016-04-01,CVX,68.2119369506836
2016-05-01,CVX,67.42420959472656
2016-06-01,CVX,70.72075653076172
2016-07-01,CVX,69.13536834716797
2016-08-01,CVX,67.85358428955078
2016-09-01,CVX,70.1637954711914
2016-10-01,CVX,71.41136932373047
2016-11-01,CVX,76.0539779663086
2016-12-01,CVX,81.04308319091797
2017-01-01,CVX,76.67072296142578
2017-02-01,CVX,77.46260070800781
2017-03-01,CVX,74.63793182373047
2017-04-01,CVX,74.17221069335938
2017-05-01,CVX,71.93382263183594
2017-06-01,CVX,73.26244354248047
2017-07-01,CVX,76.67523193359375
2017-08-01,CVX,75.5727310180664
2017-09-01,CVX,83.33966827392578
2017-10-01,CVX,82.19776916503906
2017-11-01,CVX,84.39649963378906
2017-12-01,CVX,89.62520599365234
2018-01-01,CVX,89.73975372314453
2018-02-01,CVX,80.12505340576172
2018-03-01,CVX,82.45548248291016
2018-04-01,CVX,90.45957946777344
2018-05-01,CVX,89.87390899658203
2018-06-01,CVX,92.21110534667967
2018-07-01,CVX,92.09442901611328
2018-08-01,CVX,86.39822387695312
2018-09-01,CVX,90.03936767578125
2018-10-01,CVX,82.21211242675781
2018-11-01,CVX,87.57999420166016
2018-12-01,CVX,80.88906860351562
2019-01-01,CVX,85.24618530273438
2019-02-01,CVX,88.91178894042969
2019-03-01,CVX,92.50919342041016
2019-04-01,CVX,90.16604614257812
2019-05-01,CVX,85.50230407714844
2019-06-01,CVX,94.3749542236328
2019-07-01,CVX,93.36628723144533
2019-08-01,CVX,89.27851867675781
2019-09-01,CVX,90.87055206298828
2019-10-01,CVX,88.98571014404297
2019-11-01,CVX,89.74423217773438
2019-12-01,CVX,93.24378204345705
2020-01-01,CVX,82.8988265991211
2020-02-01,CVX,72.22118377685547
2020-03-01,CVX,56.72070693969727
2020-04-01,CVX,72.01637268066406
2020-05-01,CVX,71.78153991699219
2020-06-01,CVX,70.87346649169922
2020-07-01,CVX,66.67173767089844
2020-08-01,CVX,66.66380310058594
2020-09-01,CVX,58.01251220703125
2020-10-01,CVX,55.998191833496094
2020-11-01,CVX,70.24347686767578
2020-12-01,CVX,69.0450439453125
2021-01-01,CVX,69.65825653076172
2021-02-01,CVX,81.75850677490234
2021-03-01,CVX,86.88578033447266
2021-04-01,CVX,85.45965576171875
2021-05-01,CVX,86.056640625
2021-06-01,CVX,87.90738677978516
2021-07-01,CVX,85.44824981689453
2021-08-01,CVX,81.21822357177734
2021-09-01,CVX,86.2940673828125
2021-10-01,CVX,97.38599395751952
2021-11-01,CVX,96.00801849365234
2021-12-01,CVX,100.97239685058594
2022-01-01,CVX,113.0013198852539
2022-02-01,CVX,123.90309143066406
2022-03-01,CVX,141.5760955810547
2022-04-01,CVX,136.22015380859375
2022-05-01,CVX,151.86190795898438
2022-06-01,CVX,126.91770935058594
2022-07-01,CVX,143.5735626220703
2022-08-01,CVX,138.55926513671875
2022-09-01,CVX,127.08900451660156
2022-10-01,CVX,160.02227783203125
2022-11-01,CVX,162.15415954589844
2022-12-01,CVX,160.0032501220703
2023-01-01,CVX,155.12709045410156
2023-02-01,CVX,143.3155975341797
2023-03-01,CVX,146.73191833496094
2023-04-01,CVX,151.6061553955078
2023-05-01,CVX,135.4545440673828
2023-06-01,CVX,142.89259338378906
2023-07-01,CVX,148.6228485107422
2023-08-01,CVX,146.29803466796875
2023-09-01,CVX,154.59872436523438
2023-10-01,CVX,133.6121063232422
2023-11-01,CVX,131.6592254638672
2023-12-01,CVX,138.19041442871094
2024-01-01,CVX,136.58766174316406
2024-02-01,CVX,140.83084106445312
2024-03-01,CVX,147.73406982421875
2024-04-01,CVX,151.0401611328125
2024-05-01,CVX,152.00482177734375
2024-06-01,CVX,147.9771270751953
2024-07-01,CVX,151.80853271484375
2024-08-01,CVX,139.96432495117188
2024-09-01,CVX,140.8802947998047
2024-10-01,CVX,142.36305236816406
2024-11-01,CVX,154.90420532226562
2024-12-01,CVX,139.96910095214844
2012-12-31,DUK,37.47059631347656
2013-01-31,DUK,40.37192153930664
2013-02-28,DUK,40.67145156860352
2013-03-31,DUK,43.10757827758789
2013-04-30,DUK,44.65752410888672
2013-05-31,DUK,39.746376037597656
2013-06-30,DUK,40.51486587524414
2013-07-31,DUK,42.61565017700195
2013-08-31,DUK,39.37444686889648
2013-09-30,DUK,40.52910232543945
2013-10-31,DUK,43.53326797485352
2013-11-30,DUK,42.45904922485352
2013-12-31,DUK,42.342994689941406
2014-01-31,DUK,43.33086395263672
2014-02-28,DUK,43.49036407470703
2014-03-31,DUK,44.18234252929688
2014-04-30,DUK,46.2109375
2014-05-31,DUK,44.095497131347656
2014-06-30,DUK,46.530887603759766
2014-07-31,DUK,45.238887786865234
2014-08-31,DUK,46.40543365478516
2014-09-30,DUK,47.422813415527344
2014-10-31,DUK,52.10358810424805
2014-11-30,DUK,51.31078338623047
2014-12-31,DUK,53.49972534179688
2015-01-31,DUK,55.80519485473633
2015-02-28,DUK,50.30407333374024
2015-03-31,DUK,49.63936233520508
2015-04-30,DUK,50.15010070800781
2015-05-31,DUK,48.96052932739258
2015-06-30,DUK,46.1375732421875
2015-07-31,DUK,48.48951721191406
2015-08-31,DUK,46.3270263671875
2015-09-30,DUK,47.52066421508789
2015-10-31,DUK,47.21019744873047
2015-11-30,DUK,44.759525299072266
2015-12-31,DUK,47.73676681518555
2016-01-31,DUK,50.35131072998047
2016-02-29,DUK,49.66924285888672
2016-03-31,DUK,54.51861953735352
2016-04-30,DUK,53.23470687866211
2016-05-31,DUK,52.86305236816406
2016-06-30,DUK,58.57946395874024
2016-07-31,DUK,58.44288635253906
2016-08-31,DUK,54.39376831054688
2016-09-30,DUK,55.21035003662109
2016-10-31,DUK,55.1965446472168
2016-11-30,DUK,50.88539505004883
2016-12-31,DUK,54.15081405639648
2017-01-31,DUK,54.79266357421875
2017-02-28,DUK,57.59018325805664
2017-03-31,DUK,57.84724044799805
2017-04-30,DUK,58.192848205566406
2017-05-31,DUK,60.43592834472656
2017-06-30,DUK,59.57450866699219
2017-07-31,DUK,60.66495513916016
2017-08-31,DUK,62.21863555908203
2017-09-30,DUK,60.42867660522461
2017-10-31,DUK,63.58978271484375
2017-11-30,DUK,64.21624755859375
2017-12-31,DUK,61.166481018066406
2018-01-31,DUK,57.08676910400391
2018-02-28,DUK,54.78876495361328
2018-03-31,DUK,57.00997161865234
2018-04-30,DUK,58.98952102661133
2018-05-31,DUK,56.78181457519531
2018-06-30,DUK,58.88402938842773
2018-07-31,DUK,60.77537155151367
2018-08-31,DUK,60.49239349365234
2018-09-30,DUK,60.26718521118164
2018-10-31,DUK,62.23291778564453
2018-11-30,DUK,66.70663452148438
2018-12-31,DUK,65.7025146484375
2019-01-31,DUK,66.82928466796875
2019-02-28,DUK,68.26055908203125
2019-03-31,DUK,69.23661041259766
2019-04-30,DUK,70.09821319580078
2019-05-31,DUK,65.85939025878906
2019-06-30,DUK,68.61632537841797
2019-07-31,DUK,67.43431854248047
2019-08-31,DUK,72.1155776977539
2019-09-30,DUK,75.3434066772461
2019-10-31,DUK,74.08585357666016
2019-11-30,DUK,69.29927062988281
2019-12-31,DUK,72.46211242675781
2020-01-31,DUK,77.5625228881836
2020-02-29,DUK,72.85140228271484
2020-03-31,DUK,64.88155364990234
2020-04-30,DUK,67.91385650634766
2020-05-31,DUK,68.69200134277344
2020-06-30,DUK,64.8355941772461
2020-07-31,DUK,68.77165985107422
2020-08-31,DUK,65.2008056640625
2020-09-30,DUK,72.70387268066406
2020-10-31,DUK,75.61827087402344
2020-11-30,DUK,76.06979370117188
2020-12-31,DUK,75.91962432861328
2021-01-31,DUK,77.94282531738281
2021-02-28,DUK,70.96944427490234
2021-03-31,DUK,80.87353515625
2021-04-30,DUK,84.35882568359375
2021-05-31,DUK,83.9650650024414
2021-06-30,DUK,83.50445556640625
2021-07-31,DUK,88.9095687866211
2021-08-31,DUK,88.52893829345703
2021-09-30,DUK,83.31458282470703
2021-10-31,DUK,87.0880355834961
2021-11-30,DUK,82.81941223144531
2021-12-31,DUK,90.42888641357422
2022-01-31,DUK,90.56681060791016
2022-02-28,DUK,86.55828094482422
2022-03-31,DUK,97.21864318847656
2022-04-30,DUK,95.91265106201172
2022-05-31,DUK,97.96742248535156
2022-06-30,DUK,94.18828582763672
2022-07-31,DUK,96.5779037475586
2022-08-31,DUK,93.92472839355467
2022-09-30,DUK,82.47490692138672
2022-10-31,DUK,82.61677551269531
2022-11-30,DUK,88.60157012939453
2022-12-31,DUK,92.26140594482422
2023-01-31,DUK,91.77764129638672
2023-02-28,DUK,84.44081115722656
2023-03-31,DUK,87.30455017089844
2023-04-30,DUK,89.48556518554688
2023-05-31,DUK,80.80670928955078
2023-06-30,DUK,82.04566192626953
2023-07-31,DUK,85.59300231933594
2023-08-31,DUK,81.1862564086914
2023-09-30,DUK,81.6047134399414
2023-10-31,DUK,82.18721771240234
2023-11-30,DUK,85.32158660888672
2023-12-31,DUK,90.76082611083984
2024-01-31,DUK,89.62911987304688
2024-02-29,DUK,85.88795471191406
2024-03-31,DUK,91.47872161865234
2024-04-30,DUK,92.94489288330078
2024-05-31,DUK,97.9676513671875
2024-06-30,DUK,95.75804138183594
2024-07-31,DUK,104.39469146728516
2024-08-31,DUK,108.86588287353516
2024-09-30,DUK,111.18284606933594
2024-10-31,DUK,111.1539077758789
2024-11-30,DUK,112.87035369873048
2024-12-31,DUK,104.88306427001952
2013-01-01,ENEL.MI,1.6801209449768066
2013-02-01,ENEL.MI,1.449967384338379
2013-03-01,ENEL.MI,1.3317524194717407
2013-04-01,ENEL.MI,1.5357520580291748
2013-05-01,ENEL.MI,1.5263361930847168
2013-06-01,ENEL.MI,1.2606137990951538
2013-07-01,ENEL.MI,1.3912369012832642
2013-08-01,ENEL.MI,1.3901258707046509
2013-09-01,ENEL.MI,1.57347571849823
2013-10-01,ENEL.MI,1.805719017982483
2013-11-01,ENEL.MI,1.860167980194092
2013-12-01,ENEL.MI,1.7634929418563845
2014-01-01,ENEL.MI,1.882392764091492
2014-02-01,ENEL.MI,2.0668540000915527
2014-03-01,ENEL.MI,2.28242826461792
2014-04-01,ENEL.MI,2.263537645339966
2014-05-01,ENEL.MI,2.306875705718994
2014-06-01,ENEL.MI,2.3635475635528564
2014-07-01,ENEL.MI,2.4406278133392334
2014-08-01,ENEL.MI,2.304401159286499
2014-09-01,ENEL.MI,2.4051401615142822
2014-10-01,ENEL.MI,2.3295860290527344
2014-11-01,ENEL.MI,2.220833778381348
2014-12-01,ENEL.MI,2.115516185760498
2015-01-01,ENEL.MI,2.2929537296295166
2015-02-01,ENEL.MI,2.357060670852661
2015-03-01,ENEL.MI,2.4108636379241943
2015-04-01,ENEL.MI,2.4246013164520264
2015-05-01,ENEL.MI,2.528773546218872
2015-06-01,ENEL.MI,2.3261518478393555
2015-07-01,ENEL.MI,2.5364198684692383
2015-08-01,ENEL.MI,2.376636028289795
2015-09-01,ENEL.MI,2.3600659370422363
2015-10-01,ENEL.MI,2.483158826828003
2015-11-01,ENEL.MI,2.470139265060425
2015-12-01,ENEL.MI,2.3032543659210205
2016-01-01,ENEL.MI,2.2298717498779297
2016-02-01,ENEL.MI,2.191997766494751
2016-03-01,ENEL.MI,2.306804895401001
2016-04-01,ENEL.MI,2.3423120975494385
2016-05-01,ENEL.MI,2.410959959030152
2016-06-01,ENEL.MI,2.3553316593170166
2016-07-01,ENEL.MI,2.5380146503448486
2016-08-01,ENEL.MI,2.4394028186798096
2016-09-01,ENEL.MI,2.445566415786743
2016-10-01,ENEL.MI,2.415982484817505
2016-11-01,ENEL.MI,2.3506524562835693
2016-12-01,ENEL.MI,2.5811572074890137
2017-01-01,ENEL.MI,2.3814690113067627
2017-02-01,ENEL.MI,2.5528337955474854
2017-03-01,ENEL.MI,2.780900478363037
2017-04-01,ENEL.MI,2.749399423599243
2017-05-01,ENEL.MI,2.997626781463623
2017-06-01,ENEL.MI,2.957305192947388
2017-07-01,ENEL.MI,3.039207696914673
2017-08-01,ENEL.MI,3.263461112976074
2017-09-01,ENEL.MI,3.2698793411254883
2017-10-01,ENEL.MI,3.4174892902374268
2017-11-01,ENEL.MI,3.5009207725524902
2017-12-01,ENEL.MI,3.292342185974121
2018-01-01,ENEL.MI,3.279505491256714
2018-02-01,ENEL.MI,3.128011465072632
2018-03-01,ENEL.MI,3.253027439117432
2018-04-01,ENEL.MI,3.448077917098999
2018-05-01,ENEL.MI,3.0782670974731445
2018-06-01,ENEL.MI,3.113611459732056
2018-07-01,ENEL.MI,3.1221210956573486
2018-08-01,ENEL.MI,2.865405559539795
2018-09-01,ENEL.MI,2.9676454067230225
2018-10-01,ENEL.MI,2.915180206298828
2018-11-01,ENEL.MI,3.2218992710113525
2018-12-01,ENEL.MI,3.392747402191162
2019-01-01,ENEL.MI,3.5420713424682617
2019-02-01,ENEL.MI,3.6753313541412354
2019-03-01,ENEL.MI,3.94061803817749
2019-04-01,ENEL.MI,3.8957135677337646
2019-05-01,ENEL.MI,3.8480441570281982
2019-06-01,ENEL.MI,4.241830348968506
2019-07-01,ENEL.MI,4.282589912414551
2019-08-01,ENEL.MI,4.659212112426758
2019-09-01,ENEL.MI,4.840803623199463
2019-10-01,ENEL.MI,4.903689861297607
2019-11-01,ENEL.MI,4.84433650970459
2019-12-01,ENEL.MI,4.996959209442139
2020-01-01,ENEL.MI,5.5502142906188965
2020-02-01,ENEL.MI,5.46629524230957
2020-03-01,ENEL.MI,4.573765277862549
2020-04-01,ENEL.MI,4.499447345733643
2020-05-01,ENEL.MI,4.979264259338379
2020-06-01,ENEL.MI,5.539890289306641
2020-07-01,ENEL.MI,5.57668924331665
2020-08-01,ENEL.MI,5.587058067321777
2020-09-01,ENEL.MI,5.461167335510254
2020-10-01,ENEL.MI,5.031223297119141
2020-11-01,ENEL.MI,6.162033557891846
2020-12-01,ENEL.MI,6.092829704284668
2021-01-01,ENEL.MI,6.030252933502197
2021-02-01,ENEL.MI,5.8911638259887695
2021-03-01,ENEL.MI,6.378588676452637
2021-04-01,ENEL.MI,6.208853721618652
2021-05-01,ENEL.MI,6.050384521484375
2021-06-01,ENEL.MI,5.8821516036987305
2021-07-01,ENEL.MI,5.843096733093262
2021-08-01,ENEL.MI,5.931291103363037
2021-09-01,ENEL.MI,5.11196231842041
2021-10-01,ENEL.MI,5.561593532562256
2021-11-01,ENEL.MI,5.155004024505615
2021-12-01,ENEL.MI,5.415558815002441
2022-01-01,ENEL.MI,5.211880683898926
2022-02-01,ENEL.MI,5.2155070304870605
2022-03-01,ENEL.MI,4.79583215713501
2022-04-01,ENEL.MI,4.914383888244629
2022-05-01,ENEL.MI,4.7768635749816895
2022-06-01,ENEL.MI,4.125617027282715
2022-07-01,ENEL.MI,3.8798186779022217
2022-08-01,ENEL.MI,3.857670545578003
2022-09-01,ENEL.MI,3.4703011512756348
2022-10-01,ENEL.MI,3.7126643657684326
2022-11-01,ENEL.MI,4.217927932739258
2022-12-01,ENEL.MI,4.132485389709473
2023-01-01,ENEL.MI,4.429070472717285
2023-02-01,ENEL.MI,4.528578758239746
2023-03-01,ENEL.MI,4.7926106452941895
2023-04-01,ENEL.MI,5.279792785644531
2023-05-01,ENEL.MI,4.9893574714660645
2023-06-01,ENEL.MI,5.253389835357666
2023-07-01,ENEL.MI,5.341968536376953
2023-08-01,ENEL.MI,5.461559772491455
2023-09-01,ENEL.MI,5.118562698364258
2023-10-01,ENEL.MI,5.266315460205078
2023-11-01,ENEL.MI,5.704295635223389
2023-12-01,ENEL.MI,5.918888092041016
2024-01-01,ENEL.MI,5.576771259307861
2024-02-01,ENEL.MI,5.346516132354736
2024-03-01,ENEL.MI,5.560994625091553
2024-04-01,ENEL.MI,5.617341041564941
2024-05-01,ENEL.MI,6.04902458190918
2024-06-01,ENEL.MI,5.901797294616699
2024-07-01,ENEL.MI,5.992678165435791
2024-08-01,ENEL.MI,6.443412780761719
2024-09-01,ENEL.MI,6.735356330871582
2024-10-01,ENEL.MI,6.542917728424072
2024-11-01,ENEL.MI,6.392721176147461
2024-12-01,ENEL.MI,6.464064598083496
2013-01-01,ENI.MI,8.495656967163086
2013-02-01,ENI.MI,8.022397994995117
2013-03-01,ENI.MI,8.054564476013184
2013-04-01,ENI.MI,8.34403133392334
2013-05-01,ENI.MI,8.040779113769531
2013-06-01,ENI.MI,7.462812900543213
2013-07-01,ENI.MI,7.855340003967285
2013-08-01,ENI.MI,8.17220401763916
2013-09-01,ENI.MI,8.01613712310791
2013-10-01,ENI.MI,9.098909378051758
2013-11-01,ENI.MI,8.640307426452637
2013-12-01,ENI.MI,8.532970428466797
2014-01-01,ENI.MI,8.220731735229492
2014-02-01,ENI.MI,8.528094291687012
2014-03-01,ENI.MI,8.88424301147461
2014-04-01,ENI.MI,9.12818431854248
2014-05-01,ENI.MI,9.118426322937012
2014-06-01,ENI.MI,10.044483184814451
2014-07-01,ENI.MI,9.581976890563965
2014-08-01,ENI.MI,9.541756629943848
2014-09-01,ENI.MI,9.486458778381348
2014-10-01,ENI.MI,8.805899620056152
2014-11-01,ENI.MI,8.324163436889648
2014-12-01,ENI.MI,7.5160932540893555
2015-01-01,ENI.MI,7.718109130859375
2015-02-01,ENI.MI,8.640142440795898
2015-03-01,ENI.MI,8.355244636535645
2015-04-01,ENI.MI,8.899137496948242
2015-05-01,ENI.MI,8.489922523498535
2015-06-01,ENI.MI,8.528223991394043
2015-07-01,ENI.MI,8.549652099609375
2015-08-01,ENI.MI,7.8371806144714355
2015-09-01,ENI.MI,7.526480197906494
2015-10-01,ENI.MI,8.186058044433594
2015-11-01,ENI.MI,8.494548797607422
2015-12-01,ENI.MI,7.602126598358154
2016-01-01,ENI.MI,7.315669536590576
2016-02-01,ENI.MI,7.1338791847229
2016-03-01,ENI.MI,7.326686382293701
2016-04-01,ENI.MI,7.822476863861084
2016-05-01,ENI.MI,7.563563823699951
2016-06-01,ENI.MI,8.244873046875
2016-07-01,ENI.MI,7.767897129058838
2016-08-01,ENI.MI,7.68840217590332
2016-09-01,ENI.MI,7.27956485748291
2016-10-01,ENI.MI,7.740860462188721
2016-11-01,ENI.MI,7.699839115142822
2016-12-01,ENI.MI,9.065184593200684
2017-01-01,ENI.MI,8.32684326171875
2017-02-01,ENI.MI,8.508499145507812
2017-03-01,ENI.MI,8.994867324829102
2017-04-01,ENI.MI,8.362003326416016
2017-05-01,ENI.MI,8.4904203414917
2017-06-01,ENI.MI,7.930017948150635
2017-07-01,ENI.MI,8.056559562683105
2017-08-01,ENI.MI,7.936041831970215
2017-09-01,ENI.MI,8.436185836791992
2017-10-01,ENI.MI,8.712650299072266
2017-11-01,ENI.MI,8.569920539855957
2017-12-01,ENI.MI,8.563716888427734
2018-01-01,ENI.MI,8.989419937133789
2018-02-01,ENI.MI,8.510346412658691
2018-03-01,ENI.MI,8.866548538208008
2018-04-01,ENI.MI,10.053056716918944
2018-05-01,ENI.MI,9.612459182739258
2018-06-01,ENI.MI,10.115056037902832
2018-07-01,ENI.MI,10.469902992248535
2018-08-01,ENI.MI,10.162113189697266
2018-09-01,ENI.MI,10.35416316986084
2018-10-01,ENI.MI,10.25186824798584
2018-11-01,ENI.MI,9.298874855041504
2018-12-01,ENI.MI,8.973809242248535
2019-01-01,ENI.MI,9.664405822753906
2019-02-01,ENI.MI,9.899391174316406
2019-03-01,ENI.MI,10.28320026397705
2019-04-01,ENI.MI,9.933332443237305
2019-05-01,ENI.MI,8.864151000976562
2019-06-01,ENI.MI,9.804743766784668
2019-07-01,ENI.MI,9.534889221191406
2019-08-01,ENI.MI,9.183137893676758
2019-09-01,ENI.MI,9.420770645141602
2019-10-01,ENI.MI,9.386663436889648
2019-11-01,ENI.MI,9.486270904541016
2019-12-01,ENI.MI,9.577577590942385
2020-01-01,ENI.MI,8.755814552307129
2020-02-01,ENI.MI,7.718230724334717
2020-03-01,ENI.MI,6.377674579620361
2020-04-01,ENI.MI,6.027662754058838
2020-05-01,ENI.MI,5.618856430053711
2020-06-01,ENI.MI,6.184863090515137
2020-07-01,ENI.MI,5.493528842926025
2020-08-01,ENI.MI,5.682207584381104
2020-09-01,ENI.MI,4.872128009796143
2020-10-01,ENI.MI,4.45124101638794
2020-11-01,ENI.MI,6.148505210876465
2020-12-01,ENI.MI,6.329931735992432
2021-01-01,ENI.MI,6.184790134429932
2021-02-01,ENI.MI,7.021572589874268
2021-03-01,ENI.MI,7.770975589752197
2021-04-01,ENI.MI,7.353323936462402
2021-05-01,ENI.MI,7.446627140045166
2021-06-01,ENI.MI,7.786823272705078
2021-07-01,ENI.MI,7.600301742553711
2021-08-01,ENI.MI,7.926335334777832
2021-09-01,ENI.MI,8.754298210144043
2021-10-01,ENI.MI,9.789554595947266
2021-11-01,ENI.MI,9.188166618347168
2021-12-01,ENI.MI,9.64433765411377
2022-01-01,ENI.MI,10.503013610839844
2022-02-01,ENI.MI,10.9165678024292
2022-03-01,ENI.MI,10.49196434020996
2022-04-01,ENI.MI,10.567731857299805
2022-05-01,ENI.MI,11.205425262451172
2022-06-01,ENI.MI,9.22596263885498
2022-07-01,ENI.MI,9.541964530944824
2022-08-01,ENI.MI,9.616890907287598
2022-09-01,ENI.MI,8.885525703430176
2022-10-01,ENI.MI,11.00615119934082
2022-11-01,ENI.MI,11.89468479156494
2022-12-01,ENI.MI,11.206494331359863
2023-01-01,ENI.MI,11.923452377319336
2023-02-01,ENI.MI,11.27397346496582
2023-03-01,ENI.MI,10.88597297668457
2023-04-01,ENI.MI,11.808093070983888
2023-05-01,ENI.MI,10.694804191589355
2023-06-01,ENI.MI,11.511905670166016
2023-07-01,ENI.MI,12.12496566772461
2023-08-01,ENI.MI,12.474287033081056
2023-09-01,ENI.MI,13.323138236999512
2023-10-01,ENI.MI,13.68755054473877
2023-11-01,ENI.MI,13.456881523132324
2023-12-01,ENI.MI,13.828441619873049
2024-01-01,ENI.MI,13.34731101989746
2024-02-01,ENI.MI,12.837349891662598
2024-03-01,ENI.MI,13.197746276855469
2024-04-01,ENI.MI,13.866856575012209
2024-05-01,ENI.MI,13.280519485473633
2024-06-01,ENI.MI,13.357619285583496
2024-07-01,ENI.MI,13.770800590515137
2024-08-01,ENI.MI,13.655406951904297
2024-09-01,ENI.MI,12.732267379760742
2024-10-01,ENI.MI,13.27167510986328
2024-11-01,ENI.MI,12.69769287109375
2024-12-01,ENI.MI,12.6222505569458
2013-01-01,EOAN.DE,6.310235500335693
2013-02-01,EOAN.DE,6.302842617034912
2013-03-01,EOAN.DE,6.711862564086914
2013-04-01,EOAN.DE,6.780855178833008
2013-05-01,EOAN.DE,6.4358978271484375
2013-06-01,EOAN.DE,6.794702529907227
2013-07-01,EOAN.DE,6.872832298278809
2013-08-01,EOAN.DE,6.455236434936523
2013-09-01,EOAN.DE,7.085671424865723
2013-10-01,EOAN.DE,7.250017642974853
2013-11-01,EOAN.DE,7.629895687103271
2013-12-01,EOAN.DE,7.228463649749756
2014-01-01,EOAN.DE,7.258098602294922
2014-02-01,EOAN.DE,7.44669246673584
2014-03-01,EOAN.DE,7.646060466766357
2014-04-01,EOAN.DE,7.427832126617432
2014-05-01,EOAN.DE,7.697249412536621
2014-06-01,EOAN.DE,8.53554630279541
2014-07-01,EOAN.DE,7.997828960418701
2014-08-01,EOAN.DE,7.828022480010986
2014-09-01,EOAN.DE,8.204424858093262
2014-10-01,EOAN.DE,7.771422863006592
2014-11-01,EOAN.DE,8.068581581115723
2014-12-01,EOAN.DE,8.034618377685547
2015-01-01,EOAN.DE,7.768591403961182
2015-02-01,EOAN.DE,8.176122665405273
2015-03-01,EOAN.DE,7.859153747558594
2015-04-01,EOAN.DE,7.901603698730469
2015-05-01,EOAN.DE,7.567655563354492
2015-06-01,EOAN.DE,7.041284561157227
2015-07-01,EOAN.DE,7.076636791229248
2015-08-01,EOAN.DE,5.954156875610352
2015-09-01,EOAN.DE,4.5235090255737305
2015-10-01,EOAN.DE,5.6548285484313965
2015-11-01,EOAN.DE,5.3007025718688965
2015-12-01,EOAN.DE,5.262402057647705
2016-01-01,EOAN.DE,5.553481101989746
2016-02-01,EOAN.DE,4.940682888031006
2016-03-01,EOAN.DE,4.971912384033203
2016-04-01,EOAN.DE,5.30836296081543
2016-05-01,EOAN.DE,5.205836296081543
2016-06-01,EOAN.DE,5.318378925323486
2016-07-01,EOAN.DE,6.005075454711914
2016-08-01,EOAN.DE,5.169297695159912
2016-09-01,EOAN.DE,4.36154317855835
2016-10-01,EOAN.DE,4.608840465545654
2016-11-01,EOAN.DE,4.301445484161377
2016-12-01,EOAN.DE,4.628181457519531
2017-01-01,EOAN.DE,4.90656328201294
2017-02-01,EOAN.DE,5.060606002807617
2017-03-01,EOAN.DE,5.146951675415039
2017-04-01,EOAN.DE,4.943864822387695
2017-05-01,EOAN.DE,5.379743576049805
2017-06-01,EOAN.DE,5.8639068603515625
2017-07-01,EOAN.DE,5.9456658363342285
2017-08-01,EOAN.DE,6.750460624694824
2017-09-01,EOAN.DE,6.808047294616699
2017-10-01,EOAN.DE,7.2019124031066895
2017-11-01,EOAN.DE,6.908290863037109
2017-12-01,EOAN.DE,6.441908836364746
2018-01-01,EOAN.DE,6.013917446136475
2018-02-01,EOAN.DE,5.943533420562744
2018-03-01,EOAN.DE,6.412759780883789
2018-04-01,EOAN.DE,6.449728488922119
2018-05-01,EOAN.DE,6.449728488922119
2018-06-01,EOAN.DE,6.719600677490234
2018-07-01,EOAN.DE,7.079291343688965
2018-08-01,EOAN.DE,6.7386860847473145
2018-09-01,EOAN.DE,6.445062160491943
2018-10-01,EOAN.DE,6.2806315422058105
2018-11-01,EOAN.DE,6.610226154327393
2018-12-01,EOAN.DE,6.33275032043457
2019-01-01,EOAN.DE,7.105717658996582
2019-02-01,EOAN.DE,7.109388828277588
2019-03-01,EOAN.DE,7.27601957321167
2019-04-01,EOAN.DE,7.02350378036499
2019-05-01,EOAN.DE,6.862743377685547
2019-06-01,EOAN.DE,7.338356971740723
2019-07-01,EOAN.DE,6.9564948081970215
2019-08-01,EOAN.DE,6.496263027191162
2019-09-01,EOAN.DE,6.852768898010254
2019-10-01,EOAN.DE,6.9434332847595215
2019-11-01,EOAN.DE,7.297635555267334
2019-12-01,EOAN.DE,7.3176116943359375
2020-01-01,EOAN.DE,7.867738246917725
2020-02-01,EOAN.DE,8.01372241973877
2020-03-01,EOAN.DE,7.253840446472168
2020-04-01,EOAN.DE,7.027180671691895
2020-05-01,EOAN.DE,7.30378246307373
2020-06-01,EOAN.DE,8.062047004699707
2020-07-01,EOAN.DE,7.99845027923584
2020-08-01,EOAN.DE,7.977521896362305
2020-09-01,EOAN.DE,7.589513778686523
2020-10-01,EOAN.DE,7.206334114074707
2020-11-01,EOAN.DE,7.306154727935791
2020-12-01,EOAN.DE,7.296493530273437
2021-01-01,EOAN.DE,7.027624130249023
2021-02-01,EOAN.DE,6.802225589752197
2021-03-01,EOAN.DE,7.9887919425964355
2021-04-01,EOAN.DE,8.070900917053223
2021-05-01,EOAN.DE,7.959006309509277
2021-06-01,EOAN.DE,8.220466613769531
2021-07-01,EOAN.DE,8.741304397583008
2021-08-01,EOAN.DE,9.420584678649902
2021-09-01,EOAN.DE,8.906489372253418
2021-10-01,EOAN.DE,9.241915702819824
2021-11-01,EOAN.DE,9.181235313415527
2021-12-01,EOAN.DE,10.275163650512695
2022-01-01,EOAN.DE,10.298760414123535
2022-02-01,EOAN.DE,10.212796211242676
2022-03-01,EOAN.DE,8.884576797485352
2022-04-01,EOAN.DE,8.368795394897461
2022-05-01,EOAN.DE,7.992916107177734
2022-06-01,EOAN.DE,7.098700046539307
2022-07-01,EOAN.DE,7.774175643920898
2022-08-01,EOAN.DE,7.543698787689209
2022-09-01,EOAN.DE,6.999416828155518
2022-10-01,EOAN.DE,7.513558864593506
2022-11-01,EOAN.DE,8.08797836303711
2022-12-01,EOAN.DE,8.274133682250977
2023-01-01,EOAN.DE,8.852100372314453
2023-02-01,EOAN.DE,9.17033576965332
2023-03-01,EOAN.DE,10.194186210632324
2023-04-01,EOAN.DE,10.641844749450684
2023-05-01,EOAN.DE,10.025760650634766
2023-06-01,EOAN.DE,10.812914848327637
2023-07-01,EOAN.DE,10.650904655456545
2023-08-01,EOAN.DE,10.535185813903809
2023-09-01,EOAN.DE,10.368547439575195
2023-10-01,EOAN.DE,10.387063026428224
2023-11-01,EOAN.DE,11.04898452758789
2023-12-01,EOAN.DE,11.248022079467772
2024-01-01,EOAN.DE,11.627586364746094
2024-02-01,EOAN.DE,10.933263778686523
2024-03-01,EOAN.DE,11.928459167480469
2024-04-01,EOAN.DE,11.479463577270508
2024-05-01,EOAN.DE,11.36837100982666
2024-06-01,EOAN.DE,11.8124361038208
2024-07-01,EOAN.DE,12.496795654296877
2024-08-01,EOAN.DE,12.347393035888672
2024-09-01,EOAN.DE,12.872711181640623
2024-10-01,EOAN.DE,11.966657638549805
2024-11-01,EOAN.DE,11.74496364593506
2024-12-01,EOAN.DE,10.838909149169922
2013-01-01,EOG,45.65890884399414
2013-02-01,EOG,45.988311767578125
2013-03-01,EOG,46.851688385009766
2013-04-01,EOG,44.32379913330078
2013-05-01,EOG,47.297813415527344
2013-06-01,EOG,48.243011474609375
2013-07-01,EOG,53.30255508422852
2013-08-01,EOG,57.61254119873047
2013-09-01,EOG,62.09906768798828
2013-10-01,EOG,65.44466400146484
2013-11-01,EOG,60.59186172485352
2013-12-01,EOG,61.63482666015625
2014-01-01,EOG,60.68001174926758
2014-02-01,EOG,69.63712310791016
2014-03-01,EOG,72.11865234375
2014-04-01,EOG,72.05613708496094
2014-05-01,EOG,77.88996124267578
2014-06-01,EOG,86.03233337402344
2014-07-01,EOG,80.56973266601562
2014-08-01,EOG,80.98114013671875
2014-09-01,EOG,72.97736358642578
2014-10-01,EOG,70.05150604248047
2014-11-01,EOG,64.04064178466797
2014-12-01,EOG,67.9914779663086
2015-01-01,EOG,65.74652099609375
2015-02-01,EOG,66.38716888427734
2015-03-01,EOG,67.8448715209961
2015-04-01,EOG,73.21680450439453
2015-05-01,EOG,65.74168395996094
2015-06-01,EOG,64.89665985107422
2015-07-01,EOG,57.21730422973633
2015-08-01,EOG,58.1621322631836
2015-09-01,EOG,54.06976318359375
2015-10-01,EOG,63.76221084594727
2015-11-01,EOG,62.08715057373047
2015-12-01,EOG,52.680702209472656
2016-01-01,EOG,52.85184860229492
2016-02-01,EOG,48.30736541748047
2016-03-01,EOG,54.15737533569336
2016-04-01,EOG,61.648963928222656
2016-05-01,EOG,60.84064483642578
2016-06-01,EOG,62.3811149597168
2016-07-01,EOG,61.09489822387695
2016-08-01,EOG,66.30326843261719
2016-09-01,EOG,72.46228790283203
2016-10-01,EOG,67.74938201904297
2016-11-01,EOG,76.9498291015625
2016-12-01,EOG,75.8840103149414
2017-01-01,EOG,76.2442855834961
2017-02-01,EOG,72.91586303710938
2017-03-01,EOG,73.33686065673828
2017-04-01,EOG,69.54031372070312
2017-05-01,EOG,68.00984191894531
2017-06-01,EOG,68.16798400878906
2017-07-01,EOG,71.64715576171875
2017-08-01,EOG,64.1224594116211
2017-09-01,EOG,72.98748779296875
2017-10-01,EOG,75.34895324707031
2017-11-01,EOG,77.33187103271484
2017-12-01,EOG,81.55672454833984
2018-01-01,EOG,86.91522216796875
2018-02-01,EOG,76.76312255859375
2018-03-01,EOG,79.6771240234375
2018-04-01,EOG,89.44092559814453
2018-05-01,EOG,89.3187026977539
2018-06-01,EOG,94.33768463134766
2018-07-01,EOG,97.75700378417967
2018-08-01,EOG,89.76897430419922
2018-09-01,EOG,96.86061096191406
2018-10-01,EOG,79.98192596435547
2018-11-01,EOG,78.5816421508789
2018-12-01,EOG,66.33534240722656
2019-01-01,EOG,75.45541381835938
2019-02-01,EOG,71.65999603271484
2019-03-01,EOG,72.55955505371094
2019-04-01,EOG,73.22282409667969
2019-05-01,EOG,62.55110549926758
2019-06-01,EOG,71.1683120727539
2019-07-01,EOG,65.58393859863281
2019-08-01,EOG,56.860958099365234
2019-09-01,EOG,56.88395690917969
2019-10-01,EOG,53.12081909179688
2019-11-01,EOG,54.566349029541016
2019-12-01,EOG,64.46370697021484
2020-01-01,EOG,56.11329650878906
2020-02-01,EOG,48.84861755371094
2020-03-01,EOG,27.73699378967285
2020-04-01,EOG,36.68665313720703
2020-05-01,EOG,39.71105194091797
2020-06-01,EOG,39.46953582763672
2020-07-01,EOG,36.50112915039063
2020-08-01,EOG,35.60602951049805
2020-09-01,EOG,28.224096298217773
2020-10-01,EOG,26.889068603515625
2020-11-01,EOG,37.18607711791992
2020-12-01,EOG,39.55780029296875
2021-01-01,EOG,40.42240905761719
2021-02-01,EOG,51.52973175048828
2021-03-01,EOG,57.89114761352539
2021-04-01,EOG,58.77710723876953
2021-05-01,EOG,64.48414611816406
2021-06-01,EOG,66.97234344482422
2021-07-01,EOG,58.48040008544922
2021-08-01,EOG,55.17293548583984
2021-09-01,EOG,65.59142303466797
2021-10-01,EOG,75.55228424072266
2021-11-01,EOG,71.4169692993164
2021-12-01,EOG,72.919189453125
2022-01-01,EOG,93.63966369628906
2022-02-01,EOG,97.23880004882812
2022-03-01,EOG,100.88568115234376
2022-04-01,EOG,99.64974975585938
2022-05-01,EOG,117.59761810302734
2022-06-01,EOG,94.82682037353516
2022-07-01,EOG,96.80940246582033
2022-08-01,EOG,106.38616180419922
2022-09-01,EOG,97.99279022216795
2022-10-01,EOG,121.2141571044922
2022-11-01,EOG,126.76421356201172
2022-12-01,EOG,115.68029022216795
2023-01-01,EOG,119.5251922607422
2023-02-01,EOG,102.79557037353516
2023-03-01,EOG,104.25990295410156
2023-04-01,EOG,109.66635131835938
2023-05-01,EOG,99.1546401977539
2023-06-01,EOG,105.76248931884766
2023-07-01,EOG,122.48079681396484
2023-08-01,EOG,119.67277526855467
2023-09-01,EOG,117.94217681884766
2023-10-01,EOG,117.46763610839844
2023-11-01,EOG,115.21906280517578
2023-12-01,EOG,113.23429870605467
2024-01-01,EOG,107.8970947265625
2024-02-01,EOG,109.3901596069336
2024-03-01,EOG,122.1775131225586
2024-04-01,EOG,126.27750396728516
2024-05-01,EOG,119.83931732177734
2024-06-01,EOG,121.10940551757812
2024-07-01,EOG,122.00421905517578
2024-08-01,EOG,124.81140899658205
2024-09-01,EOG,119.10467529296876
2024-10-01,EOG,118.16486358642578
2024-11-01,EOG,130.0424041748047
2024-12-01,EOG,119.62027740478516
2013-01-01,IBE.MC,2.373250961303711
2013-02-01,IBE.MC,2.34257435798645
2013-03-01,IBE.MC,2.2455337047576904
2013-04-01,IBE.MC,2.5280025005340576
2013-05-01,IBE.MC,2.5793042182922363
2013-06-01,IBE.MC,2.5069875717163086
2013-07-01,IBE.MC,2.5650885105133057
2013-08-01,IBE.MC,2.49843168258667
2013-09-01,IBE.MC,2.6746666431427
2013-10-01,IBE.MC,2.8820395469665527
2013-11-01,IBE.MC,2.9194037914276123
2013-12-01,IBE.MC,2.886399030685425
2014-01-01,IBE.MC,2.8502790927886963
2014-02-01,IBE.MC,3.0813708305358887
2014-03-01,IBE.MC,3.2470500469207764
2014-04-01,IBE.MC,3.220823287963867
2014-05-01,IBE.MC,3.3769068717956543
2014-06-01,IBE.MC,3.57137131690979
2014-07-01,IBE.MC,3.5604965686798096
2014-08-01,IBE.MC,3.591899871826172
2014-09-01,IBE.MC,3.64656662940979
2014-10-01,IBE.MC,3.627915382385254
2014-11-01,IBE.MC,3.8240714073181152
2014-12-01,IBE.MC,3.599617719650269
2015-01-01,IBE.MC,4.027210235595703
2015-02-01,IBE.MC,4.0134100914001465
2015-03-01,IBE.MC,3.944406270980835
2015-04-01,IBE.MC,3.927976608276367
2015-05-01,IBE.MC,4.137618064880371
2015-06-01,IBE.MC,3.9706931114196777
2015-07-01,IBE.MC,4.221736431121826
2015-08-01,IBE.MC,3.998714685440064
2015-09-01,IBE.MC,3.9273898601531982
2015-10-01,IBE.MC,4.290610313415527
2015-11-01,IBE.MC,4.379103660583496
2015-12-01,IBE.MC,4.325611114501953
2016-01-01,IBE.MC,4.258250236511231
2016-02-01,IBE.MC,4.018141746520996
2016-03-01,IBE.MC,3.9487464427948
2016-04-01,IBE.MC,4.179836750030518
2016-05-01,IBE.MC,4.107073783874512
2016-06-01,IBE.MC,4.101009845733643
2016-07-01,IBE.MC,4.140086174011231
2016-08-01,IBE.MC,4.077801704406738
2016-09-01,IBE.MC,4.182856559753418
2016-10-01,IBE.MC,4.291368007659912
2016-11-01,IBE.MC,3.937359571456909
2016-12-01,IBE.MC,4.308646202087402
2017-01-01,IBE.MC,4.0321855545043945
2017-02-01,IBE.MC,4.433664321899414
2017-03-01,IBE.MC,4.7382402420043945
2017-04-01,IBE.MC,4.66545295715332
2017-05-01,IBE.MC,5.015962600708008
2017-06-01,IBE.MC,4.899362564086914
2017-07-01,IBE.MC,4.709266185760498
2017-08-01,IBE.MC,4.975750923156738
2017-09-01,IBE.MC,4.766161918640137
2017-10-01,IBE.MC,5.031593322753906
2017-11-01,IBE.MC,4.83868408203125
2017-12-01,IBE.MC,4.6849365234375
2018-01-01,IBE.MC,4.756009101867676
2018-02-01,IBE.MC,4.502963542938232
2018-03-01,IBE.MC,4.425889015197754
2018-04-01,IBE.MC,4.754940032958984
2018-05-01,IBE.MC,4.499998569488525
2018-06-01,IBE.MC,4.909089088439941
2018-07-01,IBE.MC,4.928358554840088
2018-08-01,IBE.MC,4.889953136444092
2018-09-01,IBE.MC,4.825991630554199
2018-10-01,IBE.MC,4.763554096221924
2018-11-01,IBE.MC,5.017874717712402
2018-12-01,IBE.MC,5.343770503997803
2019-01-01,IBE.MC,5.482351779937744
2019-02-01,IBE.MC,5.719910621643066
2019-03-01,IBE.MC,6.088685512542725
2019-04-01,IBE.MC,6.300303936004639
2019-05-01,IBE.MC,6.468354225158691
2019-06-01,IBE.MC,6.820013046264648
2019-07-01,IBE.MC,6.66752290725708
2019-08-01,IBE.MC,7.441249370574951
2019-09-01,IBE.MC,7.5876545906066895
2019-10-01,IBE.MC,7.326671123504639
2019-11-01,IBE.MC,7.103878498077393
2019-12-01,IBE.MC,7.304391384124756
2020-01-01,IBE.MC,7.853414058685303
2020-02-01,IBE.MC,8.367952346801758
2020-03-01,IBE.MC,7.284660816192627
2020-04-01,IBE.MC,7.41115140914917
2020-05-01,IBE.MC,7.855495929718018
2020-06-01,IBE.MC,8.367952346801758
2020-07-01,IBE.MC,8.854461669921875
2020-08-01,IBE.MC,8.74162483215332
2020-09-01,IBE.MC,8.708481788635254
2020-10-01,IBE.MC,8.389472007751465
2020-11-01,IBE.MC,9.4832124710083
2020-12-01,IBE.MC,9.694503784179688
2021-01-01,IBE.MC,9.267779350280762
2021-02-01,IBE.MC,8.756591796875
2021-03-01,IBE.MC,9.226968765258787
2021-04-01,IBE.MC,9.436960220336914
2021-05-01,IBE.MC,9.235369682312012
2021-06-01,IBE.MC,8.634799003601074
2021-07-01,IBE.MC,8.534002304077148
2021-08-01,IBE.MC,9.030152320861816
2021-09-01,IBE.MC,7.471923351287842
2021-10-01,IBE.MC,8.789233207702637
2021-11-01,IBE.MC,8.521641731262207
2021-12-01,IBE.MC,8.957015991210938
2022-01-01,IBE.MC,8.74190902709961
2022-02-01,IBE.MC,8.906768798828125
2022-03-01,IBE.MC,8.67928695678711
2022-04-01,IBE.MC,9.632960319519045
2022-05-01,IBE.MC,9.654831886291504
2022-06-01,IBE.MC,8.658288955688477
2022-07-01,IBE.MC,9.12550163269043
2022-08-01,IBE.MC,9.333333015441896
2022-09-01,IBE.MC,8.611651420593262
2022-10-01,IBE.MC,9.234472274780272
2022-11-01,IBE.MC,9.688331604003906
2022-12-01,IBE.MC,9.823142051696776
2023-01-01,IBE.MC,9.656875610351562
2023-02-01,IBE.MC,9.926347732543944
2023-03-01,IBE.MC,10.492783546447754
2023-04-01,IBE.MC,10.762298583984377
2023-05-01,IBE.MC,10.415128707885742
2023-06-01,IBE.MC,10.917612075805664
2023-07-01,IBE.MC,10.374014854431152
2023-08-01,IBE.MC,10.291454315185549
2023-09-01,IBE.MC,9.94871997833252
2023-10-01,IBE.MC,9.859514236450195
2023-11-01,IBE.MC,10.65297031402588
2023-12-01,IBE.MC,11.145944595336914
2024-01-01,IBE.MC,10.49333953857422
2024-02-01,IBE.MC,10.143006324768066
2024-03-01,IBE.MC,10.978705406188965
2024-04-01,IBE.MC,10.99303150177002
2024-05-01,IBE.MC,11.556532859802246
2024-06-01,IBE.MC,11.570858001708984
2024-07-01,IBE.MC,11.632939338684082
2024-08-01,IBE.MC,12.604467391967772
2024-09-01,IBE.MC,13.656478881835938
2024-10-01,IBE.MC,13.415597915649414
2024-11-01,IBE.MC,13.263202667236328
2024-12-01,IBE.MC,13.076397895812988
2013-01-01,IYE,29.730388641357425
2013-02-01,IYE,29.777406692504883
2013-03-01,IYE,30.31478309631348
2013-04-01,IYE,30.127002716064453
2013-05-01,IYE,30.91626739501953
2013-06-01,IYE,30.03931999206543
2013-07-01,IYE,31.812957763671875
2013-08-01,IYE,31.29786872863769
2013-09-01,IYE,31.92137908935547
2013-10-01,IYE,33.40655517578125
2013-11-01,IYE,33.284088134765625
2013-12-01,IYE,34.35227966308594
2014-01-01,IYE,32.33469772338867
2014-02-01,IYE,34.09689712524414
2014-03-01,IYE,34.8209114074707
2014-04-01,IYE,36.66712188720703
2014-05-01,IYE,37.1400260925293
2014-06-01,IYE,38.928829193115234
2014-07-01,IYE,37.71593475341797
2014-08-01,IYE,38.6524658203125
2014-09-01,IYE,35.49166488647461
2014-10-01,IYE,34.33751678466797
2014-11-01,IYE,31.181947708129883
2014-12-01,IYE,31.008941650390625
2015-01-01,IYE,29.703706741333008
2015-02-01,IYE,31.073463439941406
2015-03-01,IYE,30.315576553344727
2015-04-01,IYE,32.59535217285156
2015-05-01,IYE,31.00020980834961
2015-06-01,IYE,29.64995574951172
2015-07-01,IYE,27.418079376220703
2015-08-01,IYE,26.318239212036133
2015-09-01,IYE,24.19614791870117
2015-10-01,IYE,27.22860717773437
2015-11-01,IYE,27.107776641845703
2015-12-01,IYE,24.06579971313477
2016-01-01,IYE,23.366535186767575
2016-02-01,IYE,22.836612701416016
2016-03-01,IYE,24.906152725219727
2016-04-01,IYE,27.34751892089844
2016-05-01,IYE,27.001537322998047
2016-06-01,IYE,27.650270462036133
2016-07-01,IYE,27.21692276000977
2016-08-01,IYE,27.54326820373535
2016-09-01,IYE,28.28297233581543
2016-10-01,IYE,27.43829345703125
2016-11-01,IYE,29.954559326171875
2016-12-01,IYE,30.297361373901367
2017-01-01,IYE,29.41600608825684
2017-02-01,IYE,28.712482452392575
2017-03-01,IYE,28.243465423583984
2017-04-01,IYE,27.47571563720703
2017-05-01,IYE,26.42179107666016
2017-06-01,IYE,26.163837432861328
2017-07-01,IYE,26.926668167114254
2017-08-01,IYE,25.49581527709961
2017-09-01,IYE,27.749591827392575
2017-10-01,IYE,27.822938919067383
2017-11-01,IYE,28.40789031982422
2017-12-01,IYE,29.735294342041016
2018-01-01,IYE,30.827735900878903
2018-02-01,IYE,27.5406436920166
2018-03-01,IYE,27.87236785888672
2018-04-01,IYE,30.760210037231445
2018-05-01,IYE,31.808330535888672
2018-06-01,IYE,31.85389518737793
2018-07-01,IYE,32.3968620300293
2018-08-01,IYE,31.38087654113769
2018-09-01,IYE,32.053104400634766
2018-10-01,IYE,28.45276641845703
2018-11-01,IYE,27.76141357421875
2018-12-01,IYE,23.935970306396484
2019-01-01,IYE,26.871286392211918
2019-02-01,IYE,27.435937881469727
2019-03-01,IYE,27.86909294128418
2019-04-01,IYE,28.00762939453125
2019-05-01,IYE,24.812549591064453
2019-06-01,IYE,26.815317153930664
2019-07-01,IYE,26.47533798217773
2019-08-01,IYE,24.17347717285156
2019-09-01,IYE,24.95123863220215
2019-10-01,IYE,24.582902908325195
2019-11-01,IYE,24.93148422241211
2019-12-01,IYE,25.446435928344727
2020-01-01,IYE,23.53209114074707
2020-02-01,IYE,20.06420516967773
2020-03-01,IYE,12.641274452209473
2020-04-01,IYE,16.845462799072266
2020-05-01,IYE,17.148075103759766
2020-06-01,IYE,16.82024574279785
2020-07-01,IYE,16.267183303833008
2020-08-01,IYE,16.139760971069336
2020-09-01,IYE,13.557405471801758
2020-10-01,IYE,13.265929222106934
2020-11-01,IYE,16.899608612060547
2020-12-01,IYE,17.46925163269043
2021-01-01,IYE,18.337139129638672
2021-02-01,IYE,22.26777458190918
2021-03-01,IYE,22.86041831970215
2021-04-01,IYE,23.128707885742188
2021-05-01,IYE,24.468111038208008
2021-06-01,IYE,25.46609306335449
2021-07-01,IYE,23.537338256835938
2021-08-01,IYE,23.13197898864746
2021-09-01,IYE,24.903230667114254
2021-10-01,IYE,28.04812431335449
2021-11-01,IYE,26.68492317199707
2021-12-01,IYE,26.818572998046875
2022-01-01,IYE,31.47705078125
2022-02-01,IYE,33.79669952392578
2022-03-01,IYE,36.79065704345703
2022-04-01,IYE,36.18666076660156
2022-05-01,IYE,41.62417984008789
2022-06-01,IYE,34.54634094238281
2022-07-01,IYE,38.66982269287109
2022-08-01,IYE,39.993194580078125
2022-09-01,IYE,35.87705612182617
2022-10-01,IYE,44.69135284423828
2022-11-01,IYE,45.34748840332031
2022-12-01,IYE,42.96321487426758
2023-01-01,IYE,44.439208984375
2023-02-01,IYE,41.286956787109375
2023-03-01,IYE,40.802001953125
2023-04-01,IYE,41.944332122802734
2023-05-01,IYE,38.01057815551758
2023-06-01,IYE,40.316253662109375
2023-07-01,IYE,43.76717758178711
2023-08-01,IYE,44.35414505004883
2023-09-01,IYE,44.90324401855469
2023-10-01,IYE,42.710567474365234
2023-11-01,IYE,42.36735534667969
2023-12-01,IYE,42.062278747558594
2024-01-01,IYE,41.91767883300781
2024-02-01,IYE,43.30147552490234
2024-03-01,IYE,47.47210693359375
2024-04-01,IYE,47.251583099365234
2024-05-01,IYE,47.52231216430664
2024-06-01,IYE,46.41039276123047
2024-07-01,IYE,47.68667221069336
2024-08-01,IYE,46.742862701416016
2024-09-01,IYE,45.08876800537109
2024-10-01,IYE,45.65730667114258
2024-11-01,IYE,49.460445404052734
2024-12-01,IYE,44.66731262207031
2013-01-01,KMI,19.8413028717041
2013-02-01,KMI,19.830232620239254
2013-03-01,KMI,20.691484451293945
2013-04-01,KMI,20.916160583496094
2013-05-01,KMI,20.51199150085449
2013-06-01,KMI,20.603805541992188
2013-07-01,KMI,20.393177032470703
2013-08-01,KMI,20.698871612548828
2013-09-01,KMI,19.41099166870117
2013-10-01,KMI,19.269102096557617
2013-11-01,KMI,19.61742782592773
2013-12-01,KMI,19.871335983276367
2014-01-01,KMI,18.772884368896484
2014-02-01,KMI,17.783771514892578
2014-03-01,KMI,18.1411190032959
2014-04-01,KMI,18.23603820800781
2014-05-01,KMI,18.88397979736328
2014-06-01,KMI,20.50713348388672
2014-07-01,KMI,20.348785400390625
2014-08-01,KMI,23.03143310546875
2014-09-01,KMI,21.933076858520508
2014-10-01,KMI,22.139009475708008
2014-11-01,KMI,23.923730850219727
2014-12-01,KMI,24.47915267944336
2015-01-01,KMI,23.750158309936523
2015-02-01,KMI,23.987998962402344
2015-03-01,KMI,24.602184295654297
2015-04-01,KMI,25.122779846191406
2015-05-01,KMI,24.5357723236084
2015-06-01,KMI,22.70252799987793
2015-07-01,KMI,20.484909057617188
2015-08-01,KMI,19.43387985229492
2015-09-01,KMI,16.5976505279541
2015-10-01,KMI,16.399770736694336
2015-11-01,KMI,14.39789581298828
2015-12-01,KMI,9.11397933959961
2016-01-01,KMI,10.048593521118164
2016-02-01,KMI,11.148393630981444
2016-03-01,KMI,11.00665283203125
2016-04-01,KMI,10.945028305053713
2016-05-01,KMI,11.218905448913574
2016-06-01,KMI,11.616032600402832
2016-07-01,KMI,12.615062713623049
2016-08-01,KMI,13.642459869384766
2016-09-01,KMI,14.44165325164795
2016-10-01,KMI,12.755860328674316
2016-11-01,KMI,13.94411277770996
2016-12-01,KMI,13.008221626281738
2017-01-01,KMI,14.0320463180542
2017-02-01,KMI,13.460268020629885
2017-03-01,KMI,13.731876373291016
2017-04-01,KMI,13.030753135681152
2017-05-01,KMI,11.920811653137209
2017-06-01,KMI,12.17498779296875
2017-07-01,KMI,12.981992721557615
2017-08-01,KMI,12.358965873718262
2017-09-01,KMI,12.2630615234375
2017-10-01,KMI,11.578935623168944
2017-11-01,KMI,11.093202590942385
2017-12-01,KMI,11.634018898010254
2018-01-01,KMI,11.576075553894045
2018-02-01,KMI,10.500210762023926
2018-03-01,KMI,9.761302947998049
2018-04-01,KMI,10.25390625
2018-05-01,KMI,10.946296691894531
2018-06-01,KMI,11.595990180969238
2018-07-01,KMI,11.668176651000977
2018-08-01,KMI,11.74692726135254
2018-09-01,KMI,11.766833305358888
2018-10-01,KMI,11.295632362365724
2018-11-01,KMI,11.46816349029541
2018-12-01,KMI,10.332765579223633
2019-01-01,KMI,12.16014575958252
2019-02-01,KMI,13.016517639160156
2019-03-01,KMI,13.593976974487305
2019-04-01,KMI,13.498859405517578
2019-05-01,KMI,13.72279453277588
2019-06-01,KMI,14.362502098083496
2019-07-01,KMI,14.183661460876465
2019-08-01,KMI,14.111790657043455
2019-09-01,KMI,14.348499298095703
2019-10-01,KMI,13.909897804260254
2019-11-01,KMI,13.823647499084473
2019-12-01,KMI,14.923332214355469
2020-01-01,KMI,14.7118558883667
2020-02-01,KMI,13.673057556152344
2020-03-01,KMI,9.928479194641112
2020-04-01,KMI,10.862842559814451
2020-05-01,KMI,11.26939582824707
2020-06-01,KMI,11.010175704956056
2020-07-01,KMI,10.233585357666016
2020-08-01,KMI,10.218029022216797
2020-09-01,KMI,9.116373062133787
2020-10-01,KMI,8.798447608947754
2020-11-01,KMI,10.86910343170166
2020-12-01,KMI,10.332449913024902
2021-01-01,KMI,10.642348289489746
2021-02-01,KMI,11.313526153564451
2021-03-01,KMI,12.81429672241211
2021-04-01,KMI,13.122147560119627
2021-05-01,KMI,14.33692741394043
2021-06-01,KMI,14.250935554504396
2021-07-01,KMI,13.586467742919922
2021-08-01,KMI,12.913532257080078
2021-09-01,KMI,13.278632164001465
2021-10-01,KMI,13.29450798034668
2021-11-01,KMI,12.464606285095217
2021-12-01,KMI,12.787105560302734
2022-01-01,KMI,13.996479988098145
2022-02-01,KMI,14.248818397521973
2022-03-01,KMI,15.48535442352295
2022-04-01,KMI,14.862994194030762
2022-05-01,KMI,16.36597442626953
2022-06-01,KMI,13.930611610412598
2022-07-01,KMI,14.952963829040527
2022-08-01,KMI,15.465581893920898
2022-09-01,KMI,14.04733943939209
2022-10-01,KMI,15.296745300292969
2022-11-01,KMI,16.394277572631836
2022-12-01,KMI,15.502535820007324
2023-01-01,KMI,15.691177368164062
2023-02-01,KMI,14.849173545837402
2023-03-01,KMI,15.240856170654297
2023-04-01,KMI,14.92751121520996
2023-05-01,KMI,14.255208969116213
2023-06-01,KMI,15.237409591674805
2023-07-01,KMI,15.670995712280272
2023-08-01,KMI,15.483582496643066
2023-09-01,KMI,14.908117294311523
2023-10-01,KMI,14.566436767578123
2023-11-01,KMI,16.076210021972656
2023-12-01,KMI,16.1402587890625
2024-01-01,KMI,15.48147201538086
2024-02-01,KMI,16.1750431060791
2024-03-01,KMI,17.058671951293945
2024-04-01,KMI,17.002866744995117
2024-05-01,KMI,18.412199020385746
2024-06-01,KMI,18.77118682861328
2024-07-01,KMI,19.961505889892575
2024-08-01,KMI,20.6510009765625
2024-09-01,KMI,21.148845672607425
2024-10-01,KMI,23.46573829650879
2024-11-01,KMI,27.383028030395508
2024-12-01,KMI,26.54032325744629
2012-12-31,NEE,12.271320343017578
2013-01-31,NEE,12.778558731079102
2013-02-28,NEE,12.746636390686035
2013-03-31,NEE,13.904053688049316
2013-04-30,NEE,14.682663917541504
2013-05-31,NEE,13.5353364944458
2013-06-30,NEE,14.712459564208984
2013-07-31,NEE,15.638763427734377
2013-08-31,NEE,14.510228157043455
2013-09-30,NEE,14.592888832092283
2013-10-31,NEE,15.42848014831543
2013-11-30,NEE,15.3993558883667
2013-12-31,NEE,15.707270622253418
2014-01-31,NEE,16.8648681640625
2014-02-28,NEE,16.765798568725586
2014-03-31,NEE,17.681692123413086
2014-04-30,NEE,18.463886260986328
2014-05-31,NEE,18.00344467163086
2014-06-30,NEE,19.09238815307617
2014-07-31,NEE,17.49203872680664
2014-08-31,NEE,18.34158134460449
2014-09-30,NEE,17.622268676757812
2014-10-31,NEE,18.81235122680664
2014-11-30,NEE,19.595104217529297
2014-12-31,NEE,20.0928897857666
2015-01-31,NEE,20.65055084228516
2015-02-28,NEE,19.557910919189453
2015-03-31,NEE,19.813268661499023
2015-04-30,NEE,19.219152450561523
2015-05-31,NEE,19.487646102905277
2015-06-30,NEE,18.81028938293457
2015-07-31,NEE,20.18608856201172
2015-08-31,NEE,18.883207321166992
2015-09-30,NEE,18.862699508666992
2015-10-31,NEE,19.850786209106445
2015-11-30,NEE,19.309362411499023
2015-12-31,NEE,20.24374389648437
2016-01-31,NEE,21.767528533935547
2016-02-29,NEE,21.98381805419922
2016-03-31,NEE,23.23350143432617
2016-04-30,NEE,23.084291458129883
2016-05-31,NEE,23.582963943481445
2016-06-30,NEE,25.789609909057617
2016-07-31,NEE,25.3723087310791
2016-08-31,NEE,23.91868019104004
2016-09-30,NEE,24.361825942993164
2016-10-31,NEE,25.49308204650879
2016-11-30,NEE,22.75058937072754
2016-12-31,NEE,23.974628448486328
2017-01-31,NEE,24.82956886291504
2017-02-28,NEE,26.290607452392575
2017-03-31,NEE,25.960351943969727
2017-04-30,NEE,27.00992774963379
2017-05-31,NEE,28.60350227355957
2017-06-30,NEE,28.53875160217285
2017-07-31,NEE,29.75254821777344
2017-08-31,NEE,30.65272521972656
2017-09-30,NEE,30.04202079772949
2017-10-31,NEE,31.78856468200684
2017-11-30,NEE,32.39741134643555
2017-12-31,NEE,32.220924377441406
2018-01-31,NEE,32.68095016479492
2018-02-28,NEE,31.38750457763672
2018-03-31,NEE,33.93491744995117
2018-04-30,NEE,34.0554313659668
2018-05-31,NEE,34.4501838684082
2018-06-30,NEE,34.70366668701172
2018-07-31,NEE,35.04819107055664
2018-08-31,NEE,35.58372116088867
2018-09-30,NEE,35.290409088134766
2018-10-31,NEE,36.32216262817383
2018-11-30,NEE,38.261451721191406
2018-12-31,NEE,36.82972717285156
2019-01-31,NEE,37.92304992675781
2019-02-28,NEE,39.77490234375
2019-03-31,NEE,41.23529052734375
2019-04-30,NEE,41.47418594360352
2019-05-31,NEE,42.27833557128906
2019-06-30,NEE,43.97307586669922
2019-07-31,NEE,44.46892166137695
2019-08-31,NEE,47.0254020690918
2019-09-30,NEE,50.29180145263672
2019-10-31,NEE,51.44661712646485
2019-11-30,NEE,50.47096252441406
2019-12-31,NEE,52.55080032348633
2020-01-31,NEE,58.20170593261719
2020-02-29,NEE,54.8510971069336
2020-03-31,NEE,52.48930740356445
2020-04-30,NEE,50.41696166992188
2020-05-31,NEE,55.74835586547852
2020-06-30,NEE,52.391151428222656
2020-07-31,NEE,61.56972885131836
2020-08-31,NEE,61.234130859375
2020-09-30,NEE,61.18802261352539
2020-10-31,NEE,64.5564956665039
2020-11-30,NEE,64.8915786743164
2020-12-31,NEE,68.34982299804688
2021-01-31,NEE,71.64552307128906
2021-02-28,NEE,65.09845733642578
2021-03-31,NEE,67.33696746826172
2021-04-30,NEE,69.0290756225586
2021-05-31,NEE,65.20848846435547
2021-06-30,NEE,65.26192474365234
2021-07-31,NEE,69.74312591552734
2021-08-31,NEE,75.1954345703125
2021-09-30,NEE,70.61984252929688
2021-10-31,NEE,76.74469757080078
2021-11-30,NEE,78.04878997802734
2021-12-31,NEE,84.33863830566406
2022-01-31,NEE,70.57128143310547
2022-02-28,NEE,70.70677185058594
2022-03-31,NEE,76.94831848144531
2022-04-30,NEE,64.51268768310547
2022-05-31,NEE,68.75479888916016
2022-06-30,NEE,70.7634048461914
2022-07-31,NEE,77.18562316894531
2022-08-31,NEE,77.70635986328125
2022-09-30,NEE,71.97865295410156
2022-10-31,NEE,71.14330291748047
2022-11-30,NEE,77.75273132324219
2022-12-31,NEE,77.13269805908203
2023-01-31,NEE,68.85662078857422
2023-02-28,NEE,65.53512573242188
2023-03-31,NEE,71.57646942138672
2023-04-30,NEE,71.15859985351562
2023-05-31,NEE,68.21493530273438
2023-06-30,NEE,69.34429931640625
2023-07-31,NEE,68.5031967163086
2023-08-31,NEE,62.42856597900391
2023-09-30,NEE,53.91183090209961
2023-10-31,NEE,54.86227798461914
2023-11-30,NEE,55.05989456176758
2023-12-31,NEE,57.6235237121582
2024-01-31,NEE,55.62178802490234
2024-02-29,NEE,52.3582878112793
2024-03-31,NEE,61.18583679199219
2024-04-30,NEE,64.11540985107422
2024-05-31,NEE,76.60914611816406
2024-06-30,NEE,67.7917251586914
2024-07-31,NEE,73.60760498046875
2024-08-31,NEE,77.57754516601562
2024-09-30,NEE,81.9786605834961
2024-10-31,NEE,76.85801696777344
2024-11-30,NEE,76.29552459716797
2024-12-31,NEE,69.9921646118164
2012-12-31,OXY,49.94401550292969
2013-01-31,OXY,57.96568298339844
2013-02-28,OXY,54.0649642944336
2013-03-31,OXY,51.464481353759766
2013-04-30,OXY,59.07434844970703
2013-05-31,OXY,60.93404769897461
2013-06-30,OXY,59.05449295043945
2013-07-31,OXY,59.342063903808594
2013-08-31,OXY,58.78228759765625
2013-09-30,OXY,62.33417510986328
2013-10-31,OXY,64.4867172241211
2013-11-30,OXY,63.73497772216797
2013-12-31,OXY,63.82893753051758
2014-01-31,OXY,59.18038558959961
2014-02-28,OXY,65.22884368896484
2014-03-31,OXY,64.39759063720703
2014-04-30,OXY,65.19310760498047
2014-05-31,OXY,67.87577056884766
2014-06-30,OXY,69.87747955322266
2014-07-31,OXY,67.00574493408203
2014-08-31,OXY,71.13402557373047
2014-09-30,OXY,65.93598937988281
2014-10-31,OXY,61.42127227783203
2014-11-30,OXY,55.0947494506836
2014-12-31,OXY,58.01325988769531
2015-01-31,OXY,58.08755874633789
2015-02-28,OXY,56.548221588134766
2015-03-31,OXY,53.004878997802734
2015-04-30,OXY,58.70561981201172
2015-05-31,OXY,57.305763244628906
2015-06-30,OXY,56.99797439575195
2015-07-31,OXY,51.94243240356445
2015-08-31,OXY,54.02161407470703
2015-09-30,OXY,48.94574737548828
2015-10-31,OXY,55.75404739379883
2015-11-30,OXY,56.5394172668457
2015-12-31,OXY,50.570587158203125
2016-01-31,OXY,52.04622268676758
2016-02-29,OXY,52.12730026245117
2016-03-31,OXY,51.83187484741211
2016-04-30,OXY,58.68370819091797
2016-05-31,OXY,57.75730514526367
2016-06-30,OXY,57.84917068481445
2016-07-31,OXY,57.7774658203125
2016-08-31,OXY,59.4165267944336
2016-09-30,OXY,56.37803649902344
2016-10-31,OXY,56.92498779296875
2016-11-30,OXY,55.71480178833008
2016-12-31,OXY,55.61329650878906
2017-01-31,OXY,53.48923873901367
2017-02-28,OXY,51.7370491027832
2017-03-31,OXY,50.00852966308594
2017-04-30,OXY,49.14938354492188
2017-05-31,OXY,47.064884185791016
2017-06-30,OXY,47.81563949584961
2017-07-31,OXY,50.07819747924805
2017-08-31,OXY,48.27497482299805
2017-09-30,OXY,51.921871185302734
2017-10-31,OXY,52.87109375
2017-11-30,OXY,57.726680755615234
2017-12-31,OXY,60.31414794921875
2018-01-31,OXY,62.075443267822266
2018-02-28,OXY,54.31705093383789
2018-03-31,OXY,53.7871208190918
2018-04-30,OXY,64.73619842529297
2018-05-31,OXY,70.55123138427734
2018-06-30,OXY,70.11551666259766
2018-07-31,OXY,70.95677185058594
2018-08-31,OXY,67.52434539794922
2018-09-30,OXY,69.46883392333984
2018-10-31,OXY,57.27882766723633
2018-11-30,OXY,60.01167297363281
2018-12-31,OXY,52.41947555541992
2019-01-31,OXY,57.69768905639648
2019-02-28,OXY,57.15337753295898
2019-03-31,OXY,57.19658279418945
2019-04-30,OXY,51.48295974731445
2019-05-31,OXY,43.5174560546875
2019-06-30,OXY,43.96337127685547
2019-07-31,OXY,45.633522033691406
2019-08-31,OXY,38.632102966308594
2019-09-30,OXY,39.51173400878906
2019-10-31,OXY,36.62075424194336
2019-11-30,OXY,34.8756217956543
2019-12-31,OXY,37.26276016235352
2020-01-31,OXY,36.65784454345703
2020-02-29,OXY,30.215959548950195
2020-03-31,OXY,10.687253952026367
2020-04-30,OXY,15.784497261047363
2020-05-31,OXY,12.313809394836426
2020-06-30,OXY,17.400981903076172
2020-07-31,OXY,14.975345611572266
2020-08-31,OXY,12.121088027954102
2020-09-30,OXY,9.523710250854492
2020-10-31,OXY,8.69497013092041
2020-11-30,OXY,15.009061813354492
2020-12-31,OXY,16.485204696655273
2021-01-31,OXY,19.114168167114254
2021-02-28,OXY,25.35532569885254
2021-03-31,OXY,25.364858627319336
2021-04-30,OXY,24.17238998413086
2021-05-31,OXY,24.74428367614746
2021-06-30,OXY,29.80562210083008
2021-07-31,OXY,24.88625717163086
2021-08-31,OXY,24.49532699584961
2021-09-30,OXY,28.20442771911621
2021-10-31,OXY,31.983577728271484
2021-11-30,OXY,28.282529830932617
2021-12-31,OXY,27.652963638305664
2022-01-31,OXY,35.94431686401367
2022-02-28,OXY,41.72670364379883
2022-03-31,OXY,54.140716552734375
2022-04-30,OXY,52.69176483154297
2022-05-31,OXY,66.292724609375
2022-06-30,OXY,56.3167724609375
2022-07-31,OXY,63.00634765625
2022-08-31,OXY,68.03728485107422
2022-09-30,OXY,58.88578796386719
2022-10-31,OXY,69.71078491210938
2022-11-30,OXY,66.72454833984375
2022-12-31,OXY,60.48322296142578
2023-01-31,OXY,62.33879470825195
2023-02-28,OXY,56.3444938659668
2023-03-31,OXY,60.06807708740234
2023-04-30,OXY,59.37408447265625
2023-05-31,OXY,55.639686584472656
2023-06-30,OXY,56.7397346496582
2023-07-31,OXY,61.1012077331543
2023-08-31,OXY,60.77214050292969
2023-09-30,OXY,62.79495620727539
2023-10-31,OXY,59.9883041381836
2023-11-30,OXY,57.406700134277344
2023-12-31,OXY,57.950191497802734
2024-01-31,OXY,56.05189895629883
2024-02-29,OXY,59.01173782348633
2024-03-31,OXY,63.27623748779297
2024-04-30,OXY,64.62865447998047
2024-05-31,OXY,61.07183456420898
2024-06-30,OXY,61.58971786499024
2024-07-31,OXY,59.65085220336914
2024-08-31,OXY,55.88467025756836
2024-09-30,OXY,50.54924392700195
2024-10-31,OXY,49.35482025146485
2024-11-30,OXY,49.81774139404297
2024-12-31,OXY,48.66537094116211
2013-01-01,SLB,55.93503189086914
2013-02-01,SLB,55.79170989990234
2013-03-01,SLB,53.87716293334961
2013-04-01,SLB,53.54625701904297
2013-05-01,SLB,52.53905487060547
2013-06-01,SLB,51.55342864990234
2013-07-01,SLB,58.76203918457031
2013-08-01,SLB,58.480262756347656
2013-09-01,SLB,64.08716583251953
2013-10-01,SLB,67.97476196289062
2013-11-01,SLB,64.13066101074219
2013-12-01,SLB,65.35643005371094
2014-01-01,SLB,63.739776611328125
2014-02-01,SLB,67.69216918945312
2014-03-01,SLB,71.28348541259766
2014-04-01,SLB,74.24451446533203
2014-05-01,SLB,76.06497192382812
2014-06-01,SLB,86.2347412109375
2014-07-01,SLB,79.55113983154297
2014-08-01,SLB,80.46856689453125
2014-09-01,SLB,74.90580749511719
2014-10-01,SLB,72.673828125
2014-11-01,SLB,63.3115348815918
2014-12-01,SLB,62.91378021240234
2015-01-01,SLB,60.97298812866211
2015-02-01,SLB,62.28289794921875
2015-03-01,SLB,62.1104850769043
2015-04-01,SLB,70.42512512207031
2015-05-01,SLB,67.56673431396484
2015-06-01,SLB,64.15751647949219
2015-07-01,SLB,61.99042510986328
2015-08-01,SLB,57.91114044189453
2015-09-01,SLB,51.96538543701172
2015-10-01,SLB,58.88956832885742
2015-11-01,SLB,58.12859344482422
2015-12-01,SLB,52.89506149291992
2016-01-01,SLB,54.806114196777344
2016-02-01,SLB,54.3890380859375
2016-03-01,SLB,56.33773040771485
2016-04-01,SLB,61.371826171875
2016-05-01,SLB,58.285682678222656
2016-06-01,SLB,60.79964828491211
2016-07-01,SLB,61.906776428222656
2016-08-01,SLB,60.73816680908203
2016-09-01,SLB,60.46135711669922
2016-10-01,SLB,60.52942657470703
2016-11-01,SLB,65.03260040283203
2016-12-01,SLB,64.9552230834961
2017-01-01,SLB,65.15271759033203
2017-02-01,SLB,62.54537963867188
2017-03-01,SLB,61.158573150634766
2017-04-01,SLB,56.84381484985352
2017-05-01,SLB,54.49458312988281
2017-06-01,SLB,51.92844009399414
2017-07-01,SLB,54.10529327392578
2017-08-01,SLB,50.09077453613281
2017-09-01,SLB,55.02019500732422
2017-10-01,SLB,50.87778854370117
2017-11-01,SLB,49.96356964111328
2017-12-01,SLB,53.57272338867188
2018-01-01,SLB,58.9498291015625
2018-02-01,SLB,52.58856201171875
2018-03-01,SLB,52.26583099365234
2018-04-01,SLB,55.31559753417969
2018-05-01,SLB,55.40434265136719
2018-06-01,SLB,54.081180572509766
2018-07-01,SLB,54.87374114990234
2018-08-01,SLB,51.33035659790039
2018-09-01,SLB,49.50989532470703
2018-10-01,SLB,42.03255844116211
2018-11-01,SLB,36.94540023803711
2018-12-01,SLB,29.55631256103516
2019-01-01,SLB,36.6116943359375
2019-02-01,SLB,36.48748016357422
2019-03-01,SLB,36.49940872192383
2019-04-01,SLB,35.75383758544922
2019-05-01,SLB,29.060457229614254
2019-06-01,SLB,33.290950775146484
2019-07-01,SLB,33.96209716796875
2019-08-01,SLB,27.55543327331543
2019-09-01,SLB,29.03389358520508
2019-10-01,SLB,28.21130752563477
2019-11-01,SLB,31.24041557312012
2019-12-01,SLB,34.69240188598633
2020-01-01,SLB,29.32218742370605
2020-02-01,SLB,23.70450592041016
2020-03-01,SLB,11.978485107421877
2020-04-01,SLB,14.935370445251465
2020-05-01,SLB,16.400487899780273
2020-06-01,SLB,16.329452514648438
2020-07-01,SLB,16.21746063232422
2020-08-01,SLB,16.995254516601562
2020-09-01,SLB,13.910897254943848
2020-10-01,SLB,13.445013999938965
2020-11-01,SLB,18.70962905883789
2020-12-01,SLB,19.64555931091309
2021-01-01,SLB,20.108436584472656
2021-02-01,SLB,25.269088745117188
2021-03-01,SLB,24.732704162597656
2021-04-01,SLB,24.605358123779297
2021-05-01,SLB,28.498554229736328
2021-06-01,SLB,29.117095947265625
2021-07-01,SLB,26.329538345336918
2021-08-01,SLB,25.60805892944336
2021-09-01,SLB,27.18946647644043
2021-10-01,SLB,29.592857360839844
2021-11-01,SLB,26.308839797973636
2021-12-01,SLB,27.59015464782715
2022-01-01,SLB,35.99156188964844
2022-02-01,SLB,36.14817810058594
2022-03-01,SLB,38.17355728149414
2022-04-01,SLB,36.048187255859375
2022-05-01,SLB,42.47050094604492
2022-06-01,SLB,33.16532516479492
2022-07-01,SLB,34.34317779541016
2022-08-01,SLB,35.38191604614258
2022-09-01,SLB,33.29517364501953
2022-10-01,SLB,48.4776496887207
2022-11-01,SLB,48.030418395996094
2022-12-01,SLB,49.81001663208008
2023-01-01,SLB,53.2711296081543
2023-02-01,SLB,49.74651718139648
2023-03-01,SLB,46.12122344970703
2023-04-01,SLB,46.3560676574707
2023-05-01,SLB,40.23161315917969
2023-06-01,SLB,46.14002227783203
2023-07-01,SLB,55.09868621826172
2023-08-01,SLB,55.68424224853516
2023-09-01,SLB,55.0609130859375
2023-10-01,SLB,52.78709411621094
2023-11-01,SLB,49.35394287109375
2023-12-01,SLB,49.35394287109375
2024-01-01,SLB,46.40933227539063
2024-02-01,SLB,46.05673599243164
2024-03-01,SLB,52.52948760986328
2024-04-01,SLB,45.50446701049805
2024-05-01,SLB,43.98062133789063
2024-06-01,SLB,45.21694564819336
2024-07-01,SLB,46.5758171081543
2024-08-01,SLB,42.42846298217773
2024-09-01,SLB,40.46087265014648
2024-10-01,SLB,38.90057373046875
2024-11-01,SLB,42.65762710571289
2024-12-01,SLB,37.22106170654297
2013-01-01,TTE.PA,19.572065353393555
2013-02-01,TTE.PA,18.770658493041992
2013-03-01,TTE.PA,18.309907913208008
2013-04-01,TTE.PA,19.045307159423828
2013-05-01,TTE.PA,19.20207023620605
2013-06-01,TTE.PA,18.664600372314453
2013-07-01,TTE.PA,20.283845901489254
2013-08-01,TTE.PA,21.20193290710449
2013-09-01,TTE.PA,21.697650909423828
2013-10-01,TTE.PA,23.217195510864254
2013-11-01,TTE.PA,22.87354278564453
2013-12-01,TTE.PA,22.84019470214844
2014-01-01,TTE.PA,22.029653549194336
2014-02-01,TTE.PA,24.469871520996094
2014-03-01,TTE.PA,24.766450881958008
2014-04-01,TTE.PA,27.121641159057617
2014-05-01,TTE.PA,27.121641159057617
2014-06-01,TTE.PA,27.80652618408203
2014-07-01,TTE.PA,25.639467239379883
2014-08-01,TTE.PA,26.75910186767578
2014-09-01,TTE.PA,27.430870056152344
2014-10-01,TTE.PA,25.593690872192383
2014-11-01,TTE.PA,24.28215980529785
2014-12-01,TTE.PA,22.949047088623047
2015-01-01,TTE.PA,24.92706680297852
2015-02-01,TTE.PA,26.42543601989746
2015-03-01,TTE.PA,25.35165405273437
2015-04-01,TTE.PA,26.90694999694824
2015-05-01,TTE.PA,25.51402282714844
2015-06-01,TTE.PA,24.179351806640625
2015-07-01,TTE.PA,25.35405921936035
2015-08-01,TTE.PA,22.952247619628903
2015-09-01,TTE.PA,22.61195182800293
2015-10-01,TTE.PA,25.211763381958008
2015-11-01,TTE.PA,26.842287063598636
2015-12-01,TTE.PA,23.56695938110352
2016-01-01,TTE.PA,23.714262008666992
2016-02-01,TTE.PA,23.97794914245605
2016-03-01,TTE.PA,23.21587371826172
2016-04-01,TTE.PA,25.825946807861328
2016-05-01,TTE.PA,25.67604255676269
2016-06-01,TTE.PA,25.502609252929688
2016-07-01,TTE.PA,25.5059814453125
2016-08-01,TTE.PA,25.50001335144043
2016-09-01,TTE.PA,25.1540584564209
2016-10-01,TTE.PA,26.465484619140625
2016-11-01,TTE.PA,27.213083267211918
2016-12-01,TTE.PA,29.492185592651367
2017-01-01,TTE.PA,28.6066951751709
2017-02-01,TTE.PA,28.845792770385746
2017-03-01,TTE.PA,29.0695743560791
2017-04-01,TTE.PA,29.296710968017575
2017-05-01,TTE.PA,29.358821868896484
2017-06-01,TTE.PA,26.88378143310547
2017-07-01,TTE.PA,27.04014778137207
2017-08-01,TTE.PA,27.345430374145508
2017-09-01,TTE.PA,28.604278564453125
2017-10-01,TTE.PA,30.542892456054688
2017-11-01,TTE.PA,30.246204376220703
2017-12-01,TTE.PA,29.37847328186035
2018-01-01,TTE.PA,30.149641036987305
2018-02-01,TTE.PA,30.366226196289062
2018-03-01,TTE.PA,29.82316780090332
2018-04-01,TTE.PA,34.27626037597656
2018-05-01,TTE.PA,34.09285354614258
2018-06-01,TTE.PA,34.19764709472656
2018-07-01,TTE.PA,37.02066040039063
2018-08-01,TTE.PA,35.70180892944336
2018-09-01,TTE.PA,37.007415771484375
2018-10-01,TTE.PA,34.837493896484375
2018-11-01,TTE.PA,32.96353530883789
2018-12-01,TTE.PA,30.96219062805176
2019-01-01,TTE.PA,32.598175048828125
2019-02-01,TTE.PA,33.96379852294922
2019-03-01,TTE.PA,33.64446258544922
2019-04-01,TTE.PA,34.078712463378906
2019-05-01,TTE.PA,32.08056640625
2019-06-01,TTE.PA,33.893001556396484
2019-07-01,TTE.PA,32.78715133666992
2019-08-01,TTE.PA,31.640457153320312
2019-09-01,TTE.PA,33.379661560058594
2019-10-01,TTE.PA,33.321022033691406
2019-11-01,TTE.PA,33.67802429199219
2019-12-01,TTE.PA,34.78082656860352
2020-01-01,TTE.PA,31.207305908203125
2020-02-01,TTE.PA,27.49202919006348
2020-03-01,TTE.PA,25.35025405883789
2020-04-01,TTE.PA,24.03766441345215
2020-05-01,TTE.PA,24.60476303100586
2020-06-01,TTE.PA,24.86086845397949
2020-07-01,TTE.PA,23.3553524017334
2020-08-01,TTE.PA,24.69848251342773
2020-09-01,TTE.PA,21.78838348388672
2020-10-01,TTE.PA,19.71459579467773
2020-11-01,TTE.PA,27.35381507873535
2020-12-01,TTE.PA,26.95294952392578
2021-01-01,TTE.PA,26.643712997436523
2021-02-01,TTE.PA,29.859111785888672
2021-03-01,TTE.PA,30.94843292236328
2021-04-01,TTE.PA,29.132991790771484
2021-05-01,TTE.PA,29.987394332885746
2021-06-01,TTE.PA,30.185176849365234
2021-07-01,TTE.PA,29.52070426940918
2021-08-01,TTE.PA,30.039527893066406
2021-09-01,TTE.PA,33.24899673461914
2021-10-01,TTE.PA,35.505104064941406
2021-11-01,TTE.PA,33.2456169128418
2021-12-01,TTE.PA,36.53660583496094
2022-01-01,TTE.PA,41.11289978027344
2022-02-01,TTE.PA,37.88273620605469
2022-03-01,TTE.PA,38.24835586547852
2022-04-01,TTE.PA,39.815406799316406
2022-05-01,TTE.PA,46.86793518066406
2022-06-01,TTE.PA,42.46695709228516
2022-07-01,TTE.PA,42.51101303100586
2022-08-01,TTE.PA,43.30553436279297
2022-09-01,TTE.PA,41.24235153198242
2022-10-01,TTE.PA,47.74723815917969
2022-11-01,TTE.PA,52.262001037597656
2022-12-01,TTE.PA,50.82351303100586
2023-01-01,TTE.PA,49.37636184692383
2023-02-01,TTE.PA,51.35840606689453
2023-03-01,TTE.PA,47.666778564453125
2023-04-01,TTE.PA,51.44897079467773
2023-05-01,TTE.PA,47.1334342956543
2023-06-01,TTE.PA,46.662818908691406
2023-07-01,TTE.PA,49.761905670166016
2023-08-01,TTE.PA,52.292327880859375
2023-09-01,TTE.PA,56.1104736328125
2023-10-01,TTE.PA,57.587921142578125
2023-11-01,TTE.PA,56.73139572143555
2023-12-01,TTE.PA,56.130001068115234
2024-01-01,TTE.PA,54.7631950378418
2024-02-01,TTE.PA,54.40533447265625
2024-03-01,TTE.PA,58.53715515136719
2024-04-01,TTE.PA,63.995723724365234
2024-05-01,TTE.PA,62.52155303955078
2024-06-01,TTE.PA,58.155033111572266
2024-07-01,TTE.PA,59.03693389892578
2024-08-01,TTE.PA,58.76291275024414
2024-09-01,TTE.PA,55.27626037597656
2024-10-01,TTE.PA,54.9289665222168
2024-11-01,TTE.PA,52.60357666015625
2024-12-01,TTE.PA,51.07245635986328
2012-12-31,XEL,17.58570098876953
2013-01-31,XEL,18.47349739074707
2013-02-28,XEL,19.08529090881348
2013-03-31,XEL,19.75027656555176
2013-04-30,XEL,21.339479446411133
2013-05-31,XEL,19.27869987487793
2013-06-30,XEL,19.02361869812012
2013-07-31,XEL,20.29713630676269
2013-08-31,XEL,18.92140388488769
2013-09-30,XEL,18.71131706237793
2013-10-31,XEL,19.760372161865234
2013-11-30,XEL,19.185232162475582
2013-12-31,XEL,19.130451202392575
2014-01-31,XEL,19.99355125427246
2014-02-28,XEL,20.94793128967285
2014-03-31,XEL,20.996341705322266
2014-04-30,XEL,22.257917404174805
2014-05-31,XEL,21.482696533203125
2014-06-30,XEL,22.50934410095215
2014-07-31,XEL,21.7214469909668
2014-08-31,XEL,22.60300064086914
2014-09-30,XEL,21.43935203552246
2014-10-31,XEL,23.832653045654297
2014-11-30,XEL,24.16732406616211
2014-12-31,XEL,25.57719612121582
2015-01-31,XEL,26.95041847229004
2015-02-28,XEL,25.334678649902344
2015-03-31,XEL,24.99717903137207
2015-04-30,XEL,24.57919692993164
2015-05-31,XEL,24.68066024780273
2015-06-30,XEL,23.32522201538086
2015-07-31,XEL,25.37995719909668
2015-08-31,XEL,24.69183158874512
2015-09-30,XEL,25.92167091369629
2015-10-31,XEL,26.33688163757324
2015-11-30,XEL,26.35905265808105
2015-12-31,XEL,26.543848037719727
2016-01-31,XEL,28.50899314880371
2016-02-29,XEL,29.493595123291016
2016-03-31,XEL,31.194284439086918
2016-04-30,XEL,30.110387802124023
2016-05-31,XEL,31.118314743041992
2016-06-30,XEL,33.683311462402344
2016-07-31,XEL,33.347007751464844
2016-08-31,XEL,31.360445022583008
2016-09-30,XEL,31.193641662597656
2016-10-31,XEL,31.765277862548828
2016-11-30,XEL,29.82342529296875
2016-12-31,XEL,31.115434646606445
2017-01-31,XEL,31.85416412353516
2017-02-28,XEL,33.69664001464844
2017-03-31,XEL,34.267127990722656
2017-04-30,XEL,35.019493103027344
2017-05-31,XEL,37.24272537231445
2017-06-30,XEL,35.66468811035156
2017-07-31,XEL,37.0590705871582
2017-08-31,XEL,38.77455520629883
2017-09-30,XEL,37.06690216064453
2017-10-31,XEL,39.07636642456055
2017-11-30,XEL,40.72560501098633
2017-12-31,XEL,37.96374130249024
2018-01-31,XEL,36.287784576416016
2018-02-28,XEL,34.411373138427734
2018-03-31,XEL,36.16056442260742
2018-04-30,XEL,37.57000350952149
2018-05-31,XEL,36.51125717163086
2018-06-30,XEL,36.639591217041016
2018-07-31,XEL,37.92513656616211
2018-08-31,XEL,38.88824081420898
2018-09-30,XEL,38.20840835571289
2018-10-31,XEL,39.97784805297852
2018-11-30,XEL,42.78388595581055
2018-12-31,XEL,40.189937591552734
2019-01-31,XEL,43.04048538208008
2019-02-28,XEL,45.09551239013672
2019-03-31,XEL,46.20522689819336
2019-04-30,XEL,46.77802658081055
2019-05-31,XEL,47.47349166870117
2019-06-30,XEL,49.253536224365234
2019-07-31,XEL,49.691017150878906
2019-08-31,XEL,53.53391647338867
2019-09-30,XEL,54.09242248535156
2019-10-31,XEL,53.283241271972656
2019-11-30,XEL,51.58852005004883
2019-12-31,XEL,53.26646041870117
2020-01-31,XEL,58.42407989501953
2020-02-29,XEL,52.6230354309082
2020-03-31,XEL,50.9173583984375
2020-04-30,XEL,54.017723083496094
2020-05-31,XEL,55.26702117919922
2020-06-30,XEL,53.11685562133789
2020-07-31,XEL,59.06526947021485
2020-08-31,XEL,59.43312454223633
2020-09-30,XEL,59.039588928222656
2020-10-31,XEL,60.2886962890625
2020-11-30,XEL,57.9901123046875
2020-12-31,XEL,57.39608383178711
2021-01-31,XEL,55.45354461669922
2021-02-28,XEL,50.77391052246094
2021-03-31,XEL,57.63735580444336
2021-04-30,XEL,62.24924087524414
2021-05-31,XEL,61.88255310058594
2021-06-30,XEL,57.51725006103516
2021-07-31,XEL,59.98144912719727
2021-08-31,XEL,60.42088317871094
2021-09-30,XEL,54.92806243896485
2021-10-31,XEL,57.15510177612305
2021-11-30,XEL,56.39409255981445
2021-12-31,XEL,59.90709686279297
2022-01-31,XEL,62.06501007080078
2022-02-28,XEL,59.98905944824219
2022-03-31,XEL,64.30133819580078
2022-04-30,XEL,65.72830200195312
2022-05-31,XEL,67.59447479248047
2022-06-30,XEL,63.485328674316406
2022-07-31,XEL,66.12840270996094
2022-08-31,XEL,67.09529113769531
2022-09-30,XEL,57.83298110961914
2022-10-31,XEL,59.22093200683594
2022-11-30,XEL,63.86874771118164
2022-12-31,XEL,63.768699645996094
2023-01-31,XEL,62.97932815551758
2023-02-28,XEL,59.13296890258789
2023-03-31,XEL,61.76131439208984
2023-04-30,XEL,64.5372543334961
2023-05-31,XEL,60.27231216430664
2023-06-30,XEL,57.392086029052734
2023-07-31,XEL,58.39000701904297
2023-08-31,XEL,53.17744827270508
2023-09-30,XEL,53.26122283935547
2023-10-31,XEL,55.66735458374024
2023-11-30,XEL,57.14192581176758
2023-12-31,XEL,58.14688873291016
2024-01-31,XEL,56.704566955566406
2024-02-29,XEL,49.90418243408203
2024-03-31,XEL,50.90813827514648
2024-04-30,XEL,51.4365234375
2024-05-31,XEL,53.083106994628906
2024-06-30,XEL,51.130184173583984
2024-07-31,XEL,56.36067962646485
2024-08-31,XEL,59.21352767944336
2024-09-30,XEL,63.14949798583984
2024-10-31,XEL,65.16873931884766
2024-11-30,XEL,70.77747344970703
2024-12-31,XEL,65.86129760742188
2013-01-01,XLE,48.91196441650391
2013-02-01,XLE,49.12696838378906
2013-03-01,XLE,50.15138626098633
2013-04-01,XLE,49.715518951416016
2013-05-01,XLE,51.13198471069336
2013-06-01,XLE,49.73458099365234
2013-07-01,XLE,52.60241317749024
2013-08-01,XLE,52.059940338134766
2013-09-01,XLE,52.9151611328125
2013-10-01,XLE,55.39193344116211
2013-11-01,XLE,55.423973083496094
2013-12-01,XLE,56.75122833251953
2014-01-01,XLE,53.71099090576172
2014-02-01,XLE,56.46158599853516
2014-03-01,XLE,57.3698616027832
2014-04-01,XLE,60.681583404541016
2014-05-01,XLE,61.697879791259766
2014-06-01,XLE,64.79864501953125
2014-07-01,XLE,62.8427848815918
2014-08-01,XLE,64.21504974365234
2014-09-01,XLE,58.934226989746094
2014-10-01,XLE,57.14568328857422
2014-11-01,XLE,52.17763900756836
2014-12-01,XLE,51.74618911743164
2015-01-01,XLE,49.693153381347656
2015-02-01,XLE,51.97553634643555
2015-03-01,XLE,51.02839660644531
2015-04-01,XLE,54.75243377685547
2015-05-01,XLE,51.9115104675293
2015-06-01,XLE,49.77252197265625
2015-07-01,XLE,46.2501106262207
2015-08-01,XLE,44.2835807800293
2015-09-01,XLE,40.79716110229492
2015-10-01,XLE,45.684688568115234
2015-11-01,XLE,45.67797470092773
2015-12-01,XLE,40.507137298583984
2016-01-01,XLE,39.44426345825195
2016-02-01,XLE,38.33973693847656
2016-03-01,XLE,41.93790054321289
2016-04-01,XLE,46.06591796875
2016-05-01,XLE,45.63596725463867
2016-06-01,XLE,46.57093048095703
2016-07-01,XLE,46.28680038452149
2016-08-01,XLE,47.06307601928711
2016-09-01,XLE,48.50566101074219
2016-10-01,XLE,47.42354965209961
2016-11-01,XLE,51.43886566162109
2016-12-01,XLE,52.05392837524414
2017-01-01,XLE,50.6478271484375
2017-02-01,XLE,49.5917854309082
2017-03-01,XLE,48.56357192993164
2017-04-01,XLE,47.41508102416992
2017-05-01,XLE,45.7376594543457
2017-06-01,XLE,45.37421798706055
2017-07-01,XLE,46.882938385009766
2017-08-01,XLE,44.314300537109375
2017-09-01,XLE,48.19188690185547
2017-10-01,XLE,48.420108795166016
2017-11-01,XLE,49.268592834472656
2017-12-01,XLE,51.52167892456055
2018-01-01,XLE,53.72372055053711
2018-02-01,XLE,47.90275573730469
2018-03-01,XLE,48.38365173339844
2018-04-01,XLE,53.35445022583008
2018-05-01,XLE,54.95197296142578
2018-06-01,XLE,54.89414978027344
2018-07-01,XLE,56.12370300292969
2018-08-01,XLE,54.173336029052734
2018-09-01,XLE,55.11937713623047
2018-10-01,XLE,49.211421966552734
2018-11-01,XLE,48.44202423095703
2018-12-01,XLE,42.02314758300781
2019-01-01,XLE,47.17188262939453
2019-02-01,XLE,48.25910186767578
2019-03-01,XLE,48.902565002441406
2019-04-01,XLE,49.27864837646485
2019-05-01,XLE,43.807373046875
2019-06-01,XLE,47.48967742919922
2019-07-01,XLE,47.16341018676758
2019-08-01,XLE,43.23689651489258
2019-09-01,XLE,44.53068923950195
2019-10-01,XLE,43.9967041015625
2019-11-01,XLE,44.70265197753906
2019-12-01,XLE,45.57559585571289
2020-01-01,XLE,42.18638610839844
2020-02-01,XLE,35.736854553222656
2020-03-01,XLE,22.94042587280273
2020-04-01,XLE,30.6690616607666
2020-05-01,XLE,31.28243827819824
2020-06-01,XLE,30.547996520996094
2020-07-01,XLE,29.45200729370117
2020-08-01,XLE,29.14138412475586
2020-09-01,XLE,24.482030868530277
2020-10-01,XLE,23.862829208374023
2020-11-01,XLE,30.5430908203125
2020-12-01,XLE,31.49028968811035
2021-01-01,XLE,33.10708236694336
2021-02-01,XLE,40.54186248779297
2021-03-01,XLE,41.30807495117188
2021-04-01,XLE,42.02716064453125
2021-05-01,XLE,44.42676162719727
2021-06-01,XLE,45.839298248291016
2021-07-01,XLE,42.456668853759766
2021-08-01,XLE,41.60564422607422
2021-09-01,XLE,44.777645111083984
2021-10-01,XLE,50.00259399414063
2021-11-01,XLE,47.49682235717773
2021-12-01,XLE,48.28857803344727
2022-01-01,XLE,58.097293853759766
2022-02-01,XLE,62.20429229736328
2022-03-01,XLE,67.36888122558594
2022-04-01,XLE,66.86550903320312
2022-05-01,XLE,77.58712768554688
2022-06-01,XLE,63.62677001953125
2022-07-01,XLE,70.55751037597656
2022-08-01,XLE,72.42896270751953
2022-09-01,XLE,64.79917907714844
2022-10-01,XLE,81.85936737060547
2022-11-01,XLE,82.90535736083984
2022-12-01,XLE,79.5582046508789
2023-01-01,XLE,82.63814544677734
2023-02-01,XLE,76.90409851074219
2023-03-01,XLE,76.11384582519531
2023-04-01,XLE,79.04375457763672
2023-05-01,XLE,71.11431884765625
2023-06-01,XLE,75.36685943603516
2023-07-01,XLE,81.94120025634766
2023-08-01,XLE,83.2900161743164
2023-09-01,XLE,84.66694641113281
2023-10-01,XLE,80.38504028320312
2023-11-01,XLE,79.80944061279297
2023-12-01,XLE,79.11116790771484
2024-01-01,XLE,79.46139526367188
2024-02-01,XLE,82.06214904785156
2024-03-01,XLE,89.94066619873047
2024-04-01,XLE,89.81277465820312
2024-05-01,XLE,89.50546264648438
2024-06-01,XLE,87.53672790527344
2024-07-01,XLE,90.23391723632812
2024-08-01,XLE,88.36554718017578
2024-09-01,XLE,84.99665832519531
2024-10-01,XLE,86.46967315673828
2024-11-01,XLE,93.24356842041016
2024-12-01,XLE,83.60980987548828
2013-01-01,XOM,53.59912872314453
2013-02-01,XOM,53.34891891479492
2013-03-01,XOM,54.02549743652344
2013-04-01,XOM,53.35400772094727
2013-05-01,XOM,54.241355895996094
2013-06-01,XOM,54.54412841796875
2013-07-01,XOM,56.5967025756836
2013-08-01,XOM,52.61832809448242
2013-09-01,XOM,52.30118560791016
2013-10-01,XOM,54.47738265991211
2013-11-01,XOM,56.82373809814453
2013-12-01,XOM,61.93508529663086
2014-01-01,XOM,56.402530670166016
2014-02-01,XOM,58.91790390014648
2014-03-01,XOM,60.20423889160156
2014-04-01,XOM,63.1195182800293
2014-05-01,XOM,61.96078109741211
2014-06-01,XOM,62.47453689575195
2014-07-01,XOM,61.39482498168945
2014-08-01,XOM,61.71751022338867
2014-09-01,XOM,58.76702499389648
2014-10-01,XOM,60.42912292480469
2014-11-01,XOM,56.57378768920898
2014-12-01,XOM,58.1843147277832
2015-01-01,XOM,55.01864242553711
2015-02-01,XOM,55.72353363037109
2015-03-01,XOM,53.89825820922852
2015-04-01,XOM,55.40106201171875
2015-05-01,XOM,54.02508163452149
2015-06-01,XOM,53.19325256347656
2015-07-01,XOM,50.64225769042969
2015-08-01,XOM,48.10406875610352
2015-09-01,XOM,47.97982025146485
2015-10-01,XOM,53.39407730102539
2015-11-01,XOM,52.69713592529297
2015-12-01,XOM,50.74149703979492
2016-01-01,XOM,50.67640686035156
2016-02-01,XOM,52.173614501953125
2016-03-01,XOM,54.90673065185547
2016-04-01,XOM,58.066184997558594
2016-05-01,XOM,58.47345733642578
2016-06-01,XOM,62.09131240844727
2016-07-01,XOM,58.91852951049805
2016-08-01,XOM,57.7196159362793
2016-09-01,XOM,58.30533599853516
2016-10-01,XOM,55.65995788574219
2016-11-01,XOM,58.3187255859375
2016-12-01,XOM,60.82998275756836
2017-01-01,XOM,56.53696823120117
2017-02-01,XOM,54.80494689941406
2017-03-01,XOM,55.775333404541016
2017-04-01,XOM,55.530521392822266
2017-05-01,XOM,54.74839019775391
2017-06-01,XOM,55.42330551147461
2017-07-01,XOM,54.9495964050293
2017-08-01,XOM,52.402587890625
2017-09-01,XOM,56.82698440551758
2017-10-01,XOM,57.776634216308594
2017-11-01,XOM,57.73504257202149
2017-12-01,XOM,58.51422882080078
2018-01-01,XOM,61.07474136352539
2018-02-01,XOM,52.987430572509766
2018-03-01,XOM,52.73062896728516
2018-04-01,XOM,54.94984436035156
2018-05-01,XOM,57.416385650634766
2018-06-01,XOM,59.06209564208984
2018-07-01,XOM,58.19110107421875
2018-08-01,XOM,57.23445510864258
2018-09-01,XOM,61.32300567626953
2018-10-01,XOM,57.47139739990234
2018-11-01,XOM,57.341556549072266
2018-12-01,XOM,49.6824951171875
2019-01-01,XOM,53.39100646972656
2019-02-01,XOM,57.58040618896485
2019-03-01,XOM,59.523582458496094
2019-04-01,XOM,59.14049911499024
2019-05-01,XOM,52.13470077514648
2019-06-01,XOM,57.09870910644531
2019-07-01,XOM,55.40729522705078
2019-08-01,XOM,51.02598190307617
2019-09-01,XOM,53.26726531982422
2019-10-01,XOM,50.97393035888672
2019-11-01,XOM,51.39637756347656
2019-12-01,XOM,53.27596282958984
2020-01-01,XOM,47.42767333984375
2020-02-01,XOM,39.27365493774414
2020-03-01,XOM,29.405704498291016
2020-04-01,XOM,35.988494873046875
2020-05-01,XOM,35.214046478271484
2020-06-01,XOM,35.304725646972656
2020-07-01,XOM,33.220550537109375
2020-08-01,XOM,31.531103134155277
2020-09-01,XOM,27.636890411376957
2020-10-01,XOM,26.26028060913086
2020-11-01,XOM,30.696033477783203
2020-12-01,XOM,33.98419189453125
2021-01-01,XOM,36.96873474121094
2021-02-01,XOM,44.82582092285156
2021-03-01,XOM,46.811222076416016
2021-04-01,XOM,47.99345779418945
2021-05-01,XOM,48.94089889526367
2021-06-01,XOM,53.660552978515625
2021-07-01,XOM,48.97333526611328
2021-08-01,XOM,46.3787841796875
2021-09-01,XOM,50.79402160644531
2021-10-01,XOM,55.67308044433594
2021-11-01,XOM,51.67485046386719
2021-12-01,XOM,53.55077362060547
2022-01-01,XOM,66.47682189941406
2022-02-01,XOM,68.62969970703125
2022-03-01,XOM,73.08037567138672
2022-04-01,XOM,75.43411254882812
2022-05-01,XOM,84.94634246826172
2022-06-01,XOM,76.555419921875
2022-07-01,XOM,86.6478042602539
2022-08-01,XOM,85.44994354248047
2022-09-01,XOM,78.80662536621094
2022-10-01,XOM,100.01787567138672
2022-11-01,XOM,100.49625396728516
2022-12-01,XOM,100.35901641845705
2023-01-01,XOM,105.55438232421876
2023-02-01,XOM,100.00416564941406
2023-03-01,XOM,100.54446411132812
2023-04-01,XOM,108.5029296875
2023-05-01,XOM,93.6862335205078
2023-06-01,XOM,99.1880874633789
2023-07-01,XOM,99.17884826660156
2023-08-01,XOM,102.83191680908205
2023-09-01,XOM,109.63298034667967
2023-10-01,XOM,98.69580078125
2023-11-01,XOM,95.79600524902344
2023-12-01,XOM,94.07500457763672
2024-01-01,XOM,96.73784637451172
2024-02-01,XOM,98.34685516357422
2024-03-01,XOM,110.3911361694336
2024-04-01,XOM,112.3189926147461
2024-05-01,XOM,111.35982513427734
2024-06-01,XOM,110.21551513671876
2024-07-01,XOM,113.53765869140624
2024-08-01,XOM,112.91537475585938
2024-09-01,XOM,113.12956237792967
2024-10-01,XOM,112.70490264892578
2024-11-01,XOM,113.8437271118164
2024-12-01,XOM,104.66936492919922
